date,price,open,high,low,vol,change_pct
2015-01-04,1095.25,1090.7,1095.67,1088.04,69.38,0.44
2015-01-05,1108.45,1095.72,1110.11,1095.64,99.04,1.21
2015-01-06,1095.09,1106.46,1106.46,1092.67,115.59,-1.21
2015-01-08,1111.65,1096.89,1111.67,1096.89,90.19,1.51
2015-01-11,1110.74,1111.71,1113.37,1110.37,53.21,-0.08
2015-01-12,1125.15,1110.76,1125.17,1109.96,116.3,1.3
2015-01-13,1143.89,1128.87,1143.94,1126.43,153.0,1.67
2015-01-14,1156.79,1146.93,1160.78,1146.93,153.96,1.13
2015-01-15,1153.36,1156.48,1161.41,1151.55,148.15,-0.3
2015-01-18,1138.63,1153.26,1154.99,1138.6,69.83,-1.28
2015-01-19,1140.01,1138.65,1141.35,1130.65,97.71,0.12
2015-01-20,1148.06,1140.42,1153.67,1140.42,179.16,0.71
2015-01-21,1146.49,1148.12,1149.49,1132.96,194.85,-0.14
2015-01-22,1140.58,1147.44,1151.71,1134.23,157.57,-0.52
2015-01-26,1142.0,1140.48,1142.02,1136.54,93.37,0.12
2015-01-27,1146.25,1142.01,1153.99,1142.01,133.25,0.37
2015-01-28,1142.65,1146.26,1146.65,1141.01,111.2,-0.31
2015-01-29,1145.05,1142.93,1145.05,1140.81,106.79,0.21
2015-02-01,1138.95,1145.03,1146.9,1138.68,103.0,-0.53
2015-02-02,1145.3,1138.49,1145.55,1138.49,94.09,0.56
2015-02-03,1162.96,1145.55,1163.11,1145.26,169.83,1.54
2015-02-04,1180.96,1163.91,1182.69,1163.91,123.32,1.55
2015-02-05,1179.09,1180.97,1181.92,1172.31,105.42,-0.16
2015-02-08,1184.15,1179.14,1187.09,1179.14,84.19,0.43
2015-02-09,1178.58,1182.98,1183.48,1178.51,105.49,-0.47
2015-02-10,1179.71,1179.75,1185.52,1179.69,146.04,0.1
2015-02-11,1168.67,1179.71,1180.21,1168.6,121.8,-0.94
2015-02-12,1169.77,1168.05,1169.85,1160.36,97.8,0.09
2015-02-15,1176.99,1169.57,1181.33,1169.57,52.69,0.62
2015-02-16,1155.84,1174.92,1174.99,1155.84,108.65,-1.8
2015-02-17,1132.45,1155.66,1155.66,1129.4,155.88,-2.02
2015-02-18,1146.25,1132.46,1146.39,1132.46,91.54,1.22
2015-02-19,1139.87,1146.23,1150.88,1139.73,101.73,-0.56
2015-02-22,1139.83,1139.94,1145.37,1139.83,55.91,0.0
2015-02-23,1141.83,1139.99,1148.51,1139.99,172.11,0.18
2015-02-24,1136.51,1141.9,1141.95,1136.49,59.69,-0.47
2015-02-25,1124.06,1136.48,1137.92,1123.99,78.07,-1.1
2015-02-26,1114.42,1124.07,1124.07,1114.29,101.24,-0.86
2015-03-01,1112.06,1114.27,1119.04,1110.32,70.48,-0.21
2015-03-02,1126.48,1112.08,1127.45,1112.08,87.93,1.3
2015-03-03,1124.5,1126.48,1130.45,1124.46,71.3,-0.18
2015-03-04,1122.37,1124.61,1125.8,1120.76,69.45,-0.19
2015-03-05,1131.47,1122.57,1131.5,1122.2,94.0,0.81
2015-03-08,1135.76,1131.65,1139.75,1131.64,91.35,0.38
2015-03-09,1136.14,1135.7,1137.23,1132.44,93.38,0.03
2015-03-10,1132.29,1135.97,1142.17,1132.29,118.32,-0.34
2015-03-11,1120.39,1132.19,1132.38,1120.38,84.01,-1.05
2015-03-12,1120.18,1120.37,1125.57,1120.17,75.17,-0.02
2015-03-15,1125.36,1123.32,1133.85,1123.32,99.25,0.46
2015-03-16,1108.24,1125.53,1125.53,1105.17,79.24,-1.52
2015-03-17,1110.5,1108.22,1114.83,1105.78,77.7,0.2
2015-03-18,1098.63,1110.48,1111.05,1098.09,90.05,-1.07
2015-03-19,1098.93,1098.68,1103.89,1098.42,119.28,0.03
2015-03-22,1078.25,1098.87,1098.95,1078.25,82.04,-1.88
2015-03-23,1077.15,1078.25,1078.37,1071.48,92.84,-0.1
2015-03-24,1069.3,1077.52,1084.33,1069.3,81.45,-0.73
2015-03-25,1042.6,1069.29,1069.67,1042.6,122.97,-2.5
2015-03-26,1028.08,1040.6,1040.6,1018.26,123.64,-1.39
2015-03-29,1034.54,1029.28,1038.26,1029.28,58.8,0.63
2015-03-30,1044.44,1034.65,1047.06,1033.17,80.44,0.96
2015-03-31,1045.63,1044.04,1054.6,1043.69,77.59,0.11
2015-04-01,1042.94,1045.89,1049.05,1042.86,56.21,-0.26
2015-04-02,1025.7,1043.14,1044.43,1025.68,100.47,-1.65
2015-04-05,997.22,1025.71,1025.71,997.19,97.07,-2.78
2015-04-06,985.59,997.18,999.7,980.11,137.28,-1.17
2015-04-07,1006.51,986.42,1007.75,986.42,94.02,2.12
2015-04-08,1008.01,1005.31,1009.65,993.04,147.27,0.15
2015-04-09,1011.97,1008.03,1012.45,1007.3,80.55,0.39
2015-04-14,1013.1,1012.19,1016.22,1012.18,82.25,0.11
2015-04-15,1005.15,1013.29,1016.31,1005.15,94.63,-0.78
2015-04-16,1008.42,1005.15,1008.87,1001.46,86.48,0.33
2015-04-19,1006.32,1007.9,1015.52,1006.32,109.28,-0.21
2015-04-20,992.59,1006.2,1006.5,992.59,86.02,-1.36
2015-04-21,986.48,992.61,995.24,986.47,90.71,-0.62
2015-04-22,986.33,986.45,987.45,979.36,74.41,-0.02
2015-04-23,989.22,986.33,995.03,986.32,64.4,0.29
2015-04-26,984.22,989.43,989.95,984.22,75.13,-0.51
2015-04-27,962.75,984.26,986.47,962.75,129.15,-2.18
2015-04-28,941.58,962.76,962.77,940.83,116.76,-2.2
2015-04-29,954.53,941.58,954.53,939.84,135.22,1.38
2015-04-30,971.75,954.92,972.64,954.92,153.72,1.8
2015-05-03,956.83,971.37,971.37,956.83,90.76,-1.54
2015-05-04,956.88,956.78,959.1,955.48,124.66,0.01
2015-05-05,975.9,956.93,976.5,956.75,117.76,1.99
2015-05-06,968.22,976.0,980.09,968.22,101.84,-0.79
2015-05-07,968.6,968.29,970.19,964.9,93.92,0.04
2015-05-10,968.53,968.6,972.2,968.3,63.57,-0.01
2015-05-11,965.07,968.56,972.56,965.07,84.42,-0.36
2015-05-12,959.1,963.74,964.08,959.04,66.37,-0.62
2015-05-13,944.43,959.05,960.16,943.43,118.82,-1.53
2015-05-14,923.41,944.46,944.46,922.3,131.72,-2.23
2015-05-17,920.28,923.42,929.18,920.27,101.65,-0.34
2015-05-18,979.8,920.18,979.8,920.18,158.7,6.47
2015-05-19,990.46,985.14,1000.11,985.04,220.41,1.09
2015-05-20,987.93,990.23,990.23,981.96,176.08,-0.26
2015-05-21,1003.6,988.34,1004.12,988.34,218.71,1.59
2015-05-24,1015.7,1003.63,1016.14,1003.63,188.5,1.21
2015-05-25,1008.96,1015.83,1016.11,1008.77,155.27,-0.66
2015-05-26,1001.11,1008.73,1011.29,1001.11,139.33,-0.78
2015-05-27,1009.28,1001.64,1011.2,1000.9,159.31,0.82
2015-05-28,1000.95,1008.72,1009.86,1000.95,136.93,-0.83
2015-05-31,985.75,1000.93,1000.97,985.0,105.14,-1.52
2015-06-01,980.46,986.07,989.84,980.45,101.79,-0.54
2015-06-02,985.73,980.47,986.73,978.97,121.03,0.54
2015-06-03,985.62,985.79,990.55,985.62,95.01,-0.01
2015-06-04,978.66,985.63,987.11,978.62,95.47,-0.71
2015-06-07,975.01,979.62,979.84,974.95,76.13,-0.37
2015-06-08,965.94,975.18,978.41,965.94,108.33,-0.93
2015-06-09,961.49,965.88,965.88,957.69,113.93,-0.46
2015-06-10,954.65,962.28,966.23,954.65,97.1,-0.71
2015-06-11,951.35,954.48,955.42,950.6,74.4,-0.35
2015-06-14,945.88,951.49,952.15,945.87,68.96,-0.57
2015-06-15,941.78,945.87,946.59,941.03,96.13,-0.43
2015-06-16,952.08,942.29,952.21,942.29,73.18,1.09
2015-06-17,954.16,952.1,955.68,951.22,84.69,0.22
2015-06-18,962.87,954.14,963.24,952.56,67.34,0.91
2015-06-21,959.17,965.04,966.06,959.03,40.79,-0.38
2015-06-22,950.43,959.17,959.26,950.43,71.6,-0.91
2015-06-23,945.3,950.43,950.44,945.26,58.75,-0.54
2015-06-24,943.55,945.29,950.77,943.51,69.7,-0.19
2015-06-25,944.17,943.48,944.39,938.22,97.69,0.07
2015-06-28,952.48,944.36,952.74,944.36,122.59,0.88
2015-06-29,941.77,952.58,952.61,941.72,151.49,-1.12
2015-07-02,936.54,941.57,941.57,931.74,151.98,-0.56
2015-07-05,928.68,937.07,940.13,928.56,133.45,-0.84
2015-07-06,902.56,928.73,928.73,902.51,101.82,-2.81
2015-07-07,888.62,902.72,903.87,888.6,94.13,-1.54
2015-07-08,873.61,888.78,889.95,873.61,124.11,-1.69
2015-07-09,874.3,873.68,877.23,872.11,87.0,0.08
2015-07-12,877.51,874.36,880.57,874.34,67.2,0.37
2015-07-13,864.78,877.55,877.97,864.75,100.07,-1.45
2015-07-14,874.64,864.99,874.68,864.99,83.33,1.14
2015-07-15,889.49,875.41,889.5,875.41,150.33,1.7
2015-07-16,902.24,889.7,902.66,889.7,164.52,1.43
2015-07-21,908.24,902.7,908.37,902.7,133.77,0.67
2015-07-22,918.27,908.25,918.36,908.25,130.33,1.1
2015-07-26,917.42,919.41,923.47,917.42,123.66,-0.09
2015-07-27,910.37,917.34,917.34,903.99,143.64,-0.77
2015-07-28,914.54,910.4,915.24,908.83,169.13,0.46
2015-07-29,928.94,917.48,929.69,917.48,161.54,1.57
2015-07-30,944.14,932.07,944.43,932.06,207.21,1.64
2015-08-02,938.84,944.7,948.05,938.64,186.26,-0.56
2015-08-03,936.94,938.77,938.77,929.07,165.62,-0.2
2015-08-04,948.38,937.26,948.92,937.26,170.77,1.22
2015-08-05,943.86,948.4,953.63,943.86,165.45,-0.48
2015-08-09,931.73,943.9,943.94,931.72,134.0,-1.29
2015-08-10,936.19,931.76,936.38,930.32,125.03,0.48
2015-08-11,940.23,936.16,943.37,936.16,130.89,0.43
2015-08-12,925.87,939.48,939.48,925.32,127.32,-1.53
2015-08-13,921.35,925.92,927.23,921.27,141.75,-0.49
2015-08-16,901.0,921.35,921.35,900.96,182.48,-2.21
2015-08-17,895.4,901.01,903.14,895.3,189.41,-0.62
2015-08-18,879.89,895.41,895.41,879.89,179.28,-1.73
2015-08-19,865.36,879.94,879.94,864.18,196.84,-1.65
2015-08-20,862.81,864.92,864.92,860.24,195.3,-0.29
2015-08-23,825.63,860.56,860.56,825.54,232.15,-4.31
2015-08-24,794.05,825.41,825.41,793.73,204.8,-3.82
2015-08-25,802.23,793.19,805.34,792.82,221.63,1.03
2015-08-26,803.19,802.27,803.32,800.29,154.41,0.12
2015-08-27,824.95,808.84,825.1,808.84,190.73,2.71
2015-08-30,823.56,825.55,829.45,823.55,151.82,-0.17
2015-08-31,837.7,823.33,837.71,821.24,252.57,1.72
2015-09-01,835.44,837.73,838.74,835.44,174.49,-0.27
2015-09-02,834.69,835.11,835.27,830.43,198.94,-0.09
2015-09-03,846.3,835.14,847.06,835.14,157.29,1.39
2015-09-06,842.35,846.34,846.34,842.35,109.61,-0.47
2015-09-07,833.38,843.18,846.45,833.16,194.28,-1.06
2015-09-08,811.65,833.1,833.1,811.62,265.33,-2.61
2015-09-09,823.05,816.28,823.07,816.28,165.88,1.4
2015-09-10,822.87,823.07,823.07,818.21,141.09,-0.02
2015-09-13,828.64,822.56,829.17,822.56,95.71,0.7
2015-09-14,833.6,829.25,833.98,829.22,143.6,0.6
2015-09-15,833.82,833.53,834.83,832.8,130.86,0.03
2015-09-16,843.83,834.15,845.3,834.15,158.24,1.2
2015-09-17,843.21,844.01,845.54,838.88,198.64,-0.07
2015-09-20,841.81,843.74,845.35,841.41,104.87,-0.17
2015-09-21,845.95,842.79,847.62,842.79,95.99,0.49
2015-09-22,846.62,846.0,848.95,846.0,107.76,0.08
2015-09-28,847.14,846.64,848.81,846.64,174.96,0.06
2015-09-29,841.33,847.54,850.36,841.33,178.56,-0.69
2015-09-30,844.61,841.71,846.9,841.51,154.8,0.39
2015-10-01,839.19,844.6,845.91,839.19,110.67,-0.64
2015-10-04,833.7,839.23,839.56,833.7,87.48,-0.65
2015-10-05,832.8,833.77,834.27,832.68,70.03,-0.11
2015-10-07,842.17,832.81,842.17,832.81,140.88,1.13
2015-10-08,852.42,843.27,852.42,843.27,320.13,1.22
2015-10-11,856.17,852.95,856.17,852.95,257.35,0.44
2015-10-12,860.25,856.34,861.51,853.72,400.1,0.48
2015-10-13,858.87,860.14,861.03,856.56,248.11,-0.16
2015-10-15,853.97,858.91,860.08,853.96,222.48,-0.57
2015-10-18,850.31,853.87,854.18,850.18,155.92,-0.43
2015-10-19,860.39,850.86,860.39,850.86,188.01,1.19
2015-10-20,863.13,861.72,866.82,861.71,214.03,0.32
2015-10-21,867.76,862.76,867.89,862.06,196.15,0.54
2015-10-22,860.85,867.85,868.15,860.83,560.59,-0.8
2015-10-25,864.57,860.83,865.98,860.15,281.77,0.43
2015-10-26,858.47,864.63,864.74,858.45,456.52,-0.71
2015-10-27,855.66,858.46,858.5,852.42,378.66,-0.33
2015-10-28,849.11,855.63,855.87,849.01,284.13,-0.77
2015-10-29,852.35,849.13,854.0,849.13,260.18,0.38
2015-11-01,843.25,852.03,852.05,843.25,283.38,-1.07
2015-11-02,844.85,843.18,845.26,842.41,184.92,0.19
2015-11-03,842.81,844.91,847.74,842.77,186.63,-0.24
2015-11-04,844.08,842.78,844.08,842.25,204.72,0.15
2015-11-05,852.52,843.68,852.54,843.68,266.45,1.0
2015-11-08,829.79,849.88,849.88,829.79,305.63,-2.67
2015-11-09,818.01,829.76,829.76,818.01,255.34,-1.42
2015-11-10,790.2,817.74,817.95,790.19,273.94,-3.4
2015-11-11,786.53,790.31,791.6,786.53,268.29,-0.46
2015-11-12,787.14,786.52,791.81,786.24,180.64,0.08
2015-11-15,761.13,784.44,784.44,759.05,216.37,-3.3
2015-11-16,760.75,761.27,761.93,757.45,237.79,-0.05
2015-11-17,754.65,761.04,767.18,754.64,339.06,-0.8
2015-11-18,759.3,754.63,759.3,749.19,270.43,0.62
2015-11-19,769.9,759.57,770.55,759.57,223.17,1.4
2015-11-22,773.34,769.9,773.73,769.37,248.36,0.45
2015-11-23,762.48,772.84,774.92,762.48,381.76,-1.4
2015-11-24,748.83,762.48,762.48,748.56,214.36,-1.79
2015-11-25,745.16,749.05,751.46,744.22,176.64,-0.49
2015-11-26,745.22,745.17,746.86,744.53,244.88,0.01
2015-11-29,745.58,745.44,747.03,744.41,207.12,0.05
2015-11-30,735.94,745.6,745.62,735.94,196.27,-1.29
2015-12-01,741.97,736.0,742.51,735.72,193.33,0.82
2015-12-02,756.89,742.74,756.89,742.74,393.47,2.01
2015-12-03,770.79,757.5,770.92,757.5,310.41,1.84
2015-12-06,777.15,770.79,777.15,769.19,264.51,0.83
2015-12-07,776.56,778.1,781.3,776.52,276.55,-0.08
2015-12-08,761.74,776.41,776.63,761.69,249.59,-1.91
2015-12-09,765.03,762.13,765.82,760.65,175.73,0.43
2015-12-10,762.6,765.02,766.44,762.56,146.36,-0.32
2015-12-13,747.19,761.47,761.47,747.1,217.52,-2.02
2015-12-14,745.09,747.31,750.06,745.09,138.93,-0.28
2015-12-15,746.63,745.08,751.12,743.45,220.67,0.21
2015-12-16,751.72,746.8,752.5,746.8,240.27,0.68
2015-12-17,760.95,752.14,760.97,752.14,421.69,1.23
2015-12-20,763.09,760.57,764.95,759.9,180.25,0.28
2015-12-21,756.57,762.23,764.58,756.57,331.66,-0.85
2015-12-22,758.67,756.51,759.1,755.11,246.45,0.28
2015-12-24,769.6,760.13,772.27,760.09,321.7,1.44
2015-12-27,769.52,769.49,771.09,768.72,318.95,-0.01
2015-12-28,769.05,769.88,771.66,769.03,185.8,-0.06
2015-12-29,776.02,768.96,776.02,767.29,212.62,0.91
2015-12-30,789.63,776.41,790.71,776.41,356.99,1.75
2015-12-31,790.57,789.66,792.1,789.3,194.48,0.12
2016-01-03,796.29,790.61,796.29,790.61,135.77,0.72
2016-01-04,783.22,796.01,796.28,783.22,297.06,-1.64
2016-01-05,790.58,783.17,791.84,782.34,166.85,0.94
2016-01-06,787.98,791.06,791.6,786.82,168.58,-0.33
2016-01-10,776.74,783.97,783.97,776.74,182.52,-1.43
2016-01-11,764.46,777.21,779.36,764.46,284.16,-1.58
2016-01-12,757.8,763.96,763.96,756.37,249.45,-0.87
2016-01-13,731.31,757.82,761.28,731.31,347.97,-3.5
2016-01-14,694.6,730.9,730.9,694.55,250.33,-5.02
2016-01-17,680.56,693.59,693.59,673.23,252.66,-2.02
2016-01-18,695.11,680.64,695.77,680.64,240.28,2.14
2016-01-19,711.23,698.62,711.39,698.62,344.1,2.32
2016-01-20,691.61,710.56,710.56,691.61,235.35,-2.76
2016-01-21,692.03,691.3,692.35,683.2,196.22,0.06
2016-01-24,705.04,698.65,707.5,698.65,252.78,1.88
2016-01-26,709.74,703.91,713.62,703.07,215.93,0.67
2016-01-27,714.0,710.81,716.82,710.81,181.72,0.6
2016-01-28,714.89,714.01,719.73,714.01,156.27,0.12
2016-01-31,715.62,718.95,721.26,714.66,233.09,0.1
2016-02-01,707.58,715.59,715.75,705.45,122.64,-1.12
2016-02-02,703.71,706.78,712.25,703.68,224.73,-0.55
2016-02-03,707.57,703.54,707.57,702.13,170.71,0.55
2016-02-04,708.61,708.56,712.27,708.56,220.32,0.15
2016-02-07,709.3,708.66,709.3,703.59,136.97,0.1
2016-02-08,710.01,709.52,715.15,709.51,245.52,0.1
2016-02-09,702.31,709.95,710.16,700.02,204.5,-1.08
2016-02-10,705.88,702.57,708.02,702.57,103.91,0.51
2016-02-11,696.4,705.93,706.43,695.75,178.45,-1.34
2016-02-14,698.11,696.51,698.84,696.51,125.66,0.25
2016-02-15,703.44,698.26,704.25,698.26,140.28,0.76
2016-02-16,706.31,703.87,707.81,703.87,211.56,0.41
2016-02-17,705.52,705.28,705.68,702.4,213.96,-0.11
2016-02-18,704.41,705.46,705.86,704.03,123.32,-0.16
2016-02-21,711.33,704.78,712.03,704.69,123.82,0.98
2016-02-22,717.71,712.87,719.03,712.87,227.9,0.9
2016-02-23,718.43,718.32,722.14,717.1,212.45,0.1
2016-02-24,715.15,718.89,718.91,715.15,132.34,-0.46
2016-02-25,719.75,715.66,720.9,715.52,131.74,0.64
2016-02-28,726.22,719.91,726.66,719.91,187.33,0.9
2016-02-29,723.05,727.17,728.31,723.05,209.55,-0.44
2016-03-01,726.19,723.59,726.89,722.39,102.99,0.43
2016-03-02,723.61,727.1,730.63,723.61,144.71,-0.36
2016-03-03,724.13,723.53,724.37,720.55,106.6,0.07
2016-03-06,729.13,724.3,731.69,724.3,207.76,0.69
2016-03-07,730.82,730.04,731.9,728.63,223.85,0.23
2016-03-08,731.2,732.52,733.75,731.2,244.44,0.05
2016-03-09,730.15,730.14,731.17,728.72,284.52,-0.14
2016-03-10,735.13,731.68,737.17,731.68,416.84,0.68
2016-03-13,733.74,734.73,736.62,733.72,236.52,-0.19
2016-03-14,758.3,736.16,765.0,736.16,705.34,3.35
2016-03-15,765.56,763.29,768.27,762.88,386.06,0.96
2016-03-16,769.25,765.39,769.91,763.77,595.52,0.48
2016-03-17,783.7,770.37,784.28,770.37,653.4,1.88
2016-03-20,781.04,784.28,788.58,781.04,403.04,-0.34
2016-03-21,781.85,781.74,782.11,778.0,319.03,0.1
2016-03-22,780.3,782.11,785.51,779.99,446.06,-0.2
2016-03-23,789.69,780.99,789.72,780.04,449.8,1.2
2016-03-24,792.24,791.67,795.98,791.61,437.93,0.32
2016-03-27,788.96,792.75,797.09,788.96,357.05,-0.41
2016-03-28,794.97,788.95,795.03,787.0,398.59,0.76
2016-03-29,797.4,794.12,801.65,793.7,508.96,0.31
2016-03-30,789.51,797.28,797.76,789.51,302.86,-0.99
2016-03-31,792.19,789.48,792.39,788.29,459.78,0.34
2016-04-03,789.87,792.51,794.78,789.87,282.48,-0.29
2016-04-04,791.63,789.85,791.66,788.92,298.57,0.22
2016-04-05,789.35,793.87,796.11,789.35,357.79,-0.29
2016-04-06,773.57,789.58,790.03,773.57,424.17,-2.0
2016-04-07,776.87,773.4,776.87,769.03,238.75,0.43
2016-04-10,776.92,778.57,780.79,775.12,192.84,0.01
2016-04-11,772.8,777.81,777.81,772.65,201.33,-0.53
2016-04-12,777.98,774.32,780.46,771.64,180.31,0.67
2016-04-13,785.49,779.03,787.57,779.03,177.72,0.97
2016-04-14,794.49,786.94,796.0,786.0,292.0,1.15
2016-04-17,802.87,795.9,804.03,795.9,248.63,1.05
2016-04-18,806.77,805.2,809.03,804.88,267.94,0.49
2016-04-19,812.52,808.66,813.86,808.66,439.66,0.71
2016-04-20,803.02,813.36,814.97,803.01,359.02,-1.17
2016-04-21,802.3,804.18,807.62,802.3,311.34,-0.09
2016-04-24,804.16,802.07,805.25,800.69,144.86,0.23
2016-04-26,800.76,803.54,808.6,800.76,191.71,-0.42
2016-04-27,789.09,801.32,802.81,789.09,294.39,-1.46
2016-04-28,789.99,789.3,790.45,786.77,152.78,0.11
2016-05-03,772.97,788.86,789.63,772.97,224.91,-2.15
2016-05-04,767.49,772.84,773.57,766.4,197.95,-0.71
2016-05-05,777.85,767.57,778.91,766.52,156.37,1.35
2016-05-08,781.43,777.86,782.28,777.17,156.33,0.46
2016-05-09,783.7,782.11,785.91,782.11,159.8,0.29
2016-05-10,781.42,783.8,787.14,781.42,160.89,-0.29
2016-05-11,777.67,781.28,781.28,776.09,182.93,-0.48
2016-05-12,781.3,777.28,781.99,777.28,206.36,0.47
2016-05-15,775.05,781.12,781.67,775.04,134.17,-0.8
2016-05-16,775.08,775.19,777.36,774.68,138.61,0.0
2016-05-17,780.71,774.32,781.08,773.25,302.09,0.73
2016-05-18,776.85,782.13,785.18,776.85,217.28,-0.49
2016-05-19,771.85,774.94,775.33,769.77,196.14,-0.64
2016-05-22,781.11,775.19,784.01,775.19,123.12,1.2
2016-05-23,775.82,781.27,782.11,775.81,126.04,-0.68
2016-05-24,782.28,775.75,782.83,775.75,165.55,0.83
2016-05-25,787.22,782.41,789.27,782.41,178.68,0.63
2016-05-26,785.09,787.31,788.73,783.74,187.88,-0.27
2016-05-29,783.98,785.1,786.01,783.78,77.24,-0.14
2016-05-30,785.57,784.01,787.24,784.0,124.02,0.2
2016-05-31,783.81,785.52,786.18,783.73,219.03,-0.22
2016-06-01,787.04,783.87,787.14,783.87,148.49,0.41
2016-06-02,791.58,787.14,792.92,787.14,157.86,0.58
2016-06-05,788.68,791.9,793.39,788.68,178.96,-0.37
2016-06-06,787.24,788.7,791.15,787.23,94.31,-0.18
2016-06-07,791.08,787.25,791.08,787.25,154.98,0.49
2016-06-08,791.98,791.75,794.94,791.75,196.14,0.11
2016-06-09,791.84,792.65,793.19,789.83,102.37,-0.02
2016-06-12,789.14,791.79,791.79,789.11,159.75,-0.34
2016-06-13,784.34,789.12,790.19,784.34,197.79,-0.61
2016-06-14,775.67,784.36,784.36,775.67,135.23,-1.11
2016-06-15,765.63,775.71,776.68,765.51,132.33,-1.29
2016-06-16,766.49,765.58,766.6,763.71,130.11,0.11
2016-06-19,760.96,766.5,767.64,760.96,120.2,-0.72
2016-06-20,750.66,760.45,760.46,748.15,149.06,-1.35
2016-06-21,749.58,750.62,755.42,749.56,151.31,-0.14
2016-06-22,741.27,749.5,749.5,741.25,123.22,-1.11
2016-06-23,746.8,741.31,746.91,741.31,103.01,0.75
2016-06-26,722.37,735.06,735.06,719.74,196.75,-3.27
2016-06-27,727.05,722.4,728.65,722.4,131.95,0.65
2016-06-28,733.67,728.45,734.18,728.45,95.57,0.91
2016-06-29,743.67,736.1,745.16,736.1,135.2,1.36
2016-07-03,747.54,743.71,749.6,743.71,107.78,0.52
2016-07-04,753.74,747.44,756.68,747.43,176.83,0.83
2016-07-10,769.7,754.57,769.7,753.89,316.83,2.12
2016-07-11,765.77,770.87,773.36,764.94,312.73,-0.51
2016-07-12,766.42,766.12,767.23,761.4,212.09,0.08
2016-07-13,771.28,766.47,771.96,766.47,175.3,0.63
2016-07-14,769.64,771.27,771.94,768.91,150.17,-0.21
2016-07-17,770.11,769.64,770.49,767.19,180.25,0.06
2016-07-18,769.38,770.59,774.77,769.38,192.97,-0.09
2016-07-19,768.44,769.5,769.5,766.75,152.03,-0.12
2016-07-20,763.99,768.75,770.17,763.99,179.88,-0.58
2016-07-21,763.25,763.89,763.9,761.66,126.69,-0.1
2016-07-24,764.57,763.46,769.01,763.46,78.16,0.17
2016-07-25,767.51,765.24,768.09,764.37,125.93,0.38
2016-07-26,771.8,767.64,772.7,767.62,241.54,0.56
2016-07-27,782.58,776.81,783.87,776.81,370.09,1.4
2016-07-28,784.91,782.52,787.21,781.74,186.46,0.3
2016-07-31,782.83,784.86,787.01,782.83,97.51,-0.26
2016-08-01,780.87,783.17,787.83,780.37,156.71,-0.25
2016-08-02,785.69,780.96,786.34,780.96,153.37,0.62
2016-08-03,790.62,785.95,790.85,784.85,250.05,0.63
2016-08-04,794.48,790.71,795.73,790.71,399.98,0.49
2016-08-07,795.35,794.02,796.42,793.57,236.76,0.11
2016-08-08,803.5,795.6,804.09,795.6,410.67,1.02
2016-08-09,799.52,803.56,803.76,799.38,528.02,-0.5
2016-08-10,802.97,799.69,802.99,798.01,398.56,0.43
2016-08-11,806.66,803.07,807.19,803.06,350.04,0.46
2016-08-14,808.52,806.84,809.26,805.59,281.79,0.23
2016-08-15,809.07,809.36,812.59,809.07,249.3,0.07
2016-08-16,810.11,808.84,812.75,808.84,218.82,0.13
2016-08-17,812.21,812.19,813.41,806.78,221.44,0.26
2016-08-18,810.75,814.42,816.68,810.72,178.66,-0.18
2016-08-21,812.02,811.51,813.31,811.51,116.1,0.16
2016-08-22,809.03,812.76,814.63,807.04,220.33,-0.37
2016-08-23,807.8,809.01,809.12,803.13,117.16,-0.15
2016-08-24,810.52,808.21,811.98,808.08,152.21,0.34
2016-08-25,811.0,810.74,812.44,808.61,126.42,0.06
2016-08-28,803.3,810.78,810.84,803.3,77.11,-0.95
2016-08-29,801.22,803.95,804.98,801.22,120.54,-0.26
2016-08-30,804.47,801.13,804.51,800.79,129.28,0.41
2016-08-31,807.49,805.2,810.13,805.2,158.06,0.38
2016-09-01,806.08,807.48,808.17,806.06,83.32,-0.17
2016-09-04,819.6,805.81,819.73,804.95,97.1,1.68
2016-09-05,818.21,820.73,823.87,818.17,115.39,-0.17
2016-09-06,819.25,818.5,823.03,818.14,107.82,0.13
2016-09-07,813.43,819.69,819.96,813.33,80.68,-0.71
2016-09-08,816.88,813.38,817.55,813.38,93.94,0.42
2016-09-14,816.06,816.89,817.18,814.69,62.33,-0.1
2016-09-15,808.63,816.5,817.28,808.63,123.6,-0.91
2016-09-18,799.95,808.66,808.98,799.93,96.18,-1.07
2016-09-19,801.13,800.1,801.94,800.1,126.39,0.15
2016-09-20,801.99,801.82,805.2,801.82,116.45,0.11
2016-09-21,789.64,801.69,802.86,789.64,144.02,-1.54
2016-09-22,788.73,789.62,789.7,787.41,110.94,-0.12
2016-09-25,778.47,791.58,792.33,778.47,68.43,-1.3
2016-09-26,784.37,779.2,784.4,779.15,117.18,0.76
2016-09-27,781.95,784.78,788.71,781.94,120.77,-0.31
2016-09-28,782.21,782.43,783.65,781.32,118.74,0.03
2016-09-29,790.26,784.2,791.0,784.05,155.99,1.03
2016-10-03,795.7,790.68,800.75,790.68,220.12,0.69
2016-10-04,799.0,796.48,800.17,796.48,156.94,0.41
2016-10-05,805.88,799.64,806.82,798.61,205.69,0.86
2016-10-09,806.0,805.94,808.31,805.62,155.02,0.01
2016-10-10,798.43,807.95,808.76,798.43,201.29,-0.94
2016-10-11,791.08,798.95,798.95,790.94,165.07,-0.92
2016-10-12,790.71,791.24,793.1,790.71,138.09,-0.05
2016-10-13,803.38,791.81,804.09,791.81,319.27,1.6
2016-10-16,800.73,803.55,807.94,800.73,152.28,-0.33
2016-10-17,787.14,797.21,797.25,787.13,332.38,-1.7
2016-10-18,786.62,788.03,789.09,784.33,185.48,-0.07
2016-10-19,783.7,786.57,788.88,782.96,191.12,-0.37
2016-10-20,791.6,784.58,792.5,784.58,181.16,1.01
2016-10-23,793.38,792.39,795.44,792.38,127.97,0.22
2016-10-24,790.53,794.35,794.45,789.33,101.16,-0.36
2016-10-25,793.23,792.18,795.02,791.69,160.76,0.34
2016-10-26,792.28,793.68,794.48,792.28,183.23,-0.12
2016-10-27,799.72,792.16,799.72,789.06,235.2,0.94
2016-10-30,803.49,800.63,804.5,800.59,128.87,0.47
2016-10-31,812.24,804.16,812.95,799.44,164.18,1.09
2016-11-01,816.29,813.19,819.43,812.11,247.23,0.5
2016-11-02,808.75,820.49,822.89,808.75,358.44,-0.92
2016-11-03,822.33,830.39,838.48,822.31,494.5,1.68
2016-11-06,853.48,838.38,853.48,837.26,482.14,3.79
2016-11-07,874.7,859.72,876.1,859.72,680.67,2.49
2016-11-08,904.96,881.64,910.36,881.64,457.7,3.46
2016-11-09,934.28,903.59,934.29,893.93,735.3,3.24
2016-11-10,980.95,934.63,980.95,934.63,789.08,5.0
2016-11-13,996.96,995.8,1001.86,995.8,720.88,1.63
2016-11-14,989.43,995.45,995.72,989.43,637.88,-0.76
2016-11-15,989.57,989.18,989.78,982.89,719.83,0.01
2016-11-16,1010.69,993.4,1010.69,993.4,764.99,2.13
2016-11-17,1018.25,1014.24,1030.69,1014.24,852.93,0.75
2016-11-20,1012.62,1018.49,1018.5,1007.09,597.21,-0.55
2016-11-21,1034.03,1018.3,1034.4,1018.3,744.28,2.11
2016-11-22,1044.99,1037.92,1046.4,1037.9,656.57,1.06
2016-11-23,1062.85,1050.81,1063.72,1050.81,425.42,1.71
2016-11-24,1061.88,1069.99,1079.22,1061.88,472.15,-0.09
2016-11-27,1052.09,1062.03,1062.03,1049.33,303.82,-0.92
2016-11-28,1059.04,1052.16,1061.21,1051.29,354.0,0.66
2016-11-29,1058.4,1059.59,1060.52,1052.97,365.38,-0.06
2016-11-30,1077.1,1060.32,1077.52,1060.32,610.44,1.77
2016-12-01,1087.77,1077.72,1088.45,1077.69,739.88,0.99
2016-12-04,1095.2,1091.78,1098.0,1091.78,438.94,0.68
2016-12-05,1077.01,1093.39,1096.73,1077.0,581.65,-1.66
2016-12-06,1079.22,1076.92,1082.45,1075.92,337.57,0.21
2016-12-07,1062.14,1080.65,1083.35,1062.14,499.26,-1.58
2016-12-08,1060.51,1062.77,1062.84,1056.09,332.42,-0.15
2016-12-12,1065.12,1061.35,1065.24,1055.81,397.11,0.43
2016-12-13,1063.71,1065.72,1070.92,1063.56,338.83,-0.13
2016-12-14,1062.87,1064.08,1066.65,1062.81,349.75,-0.08
2016-12-15,1064.36,1063.25,1067.67,1063.25,307.73,0.14
2016-12-18,1069.23,1065.69,1073.17,1065.69,224.76,0.46
2016-12-19,1082.8,1069.9,1082.81,1069.72,733.8,1.27
2016-12-20,1093.74,1089.95,1099.26,1089.95,571.83,1.01
2016-12-21,1097.32,1096.61,1098.28,1095.0,639.5,0.33
2016-12-22,1100.06,1097.54,1106.26,1097.54,609.42,0.25
2016-12-25,1084.41,1101.12,1102.31,1084.27,245.25,-1.42
2016-12-26,1089.42,1085.86,1090.73,1084.06,331.43,0.46
2016-12-27,1098.58,1090.53,1101.4,1090.53,616.79,0.84
2016-12-28,1094.61,1098.88,1102.74,1094.07,333.41,-0.36
2016-12-29,1096.0,1095.31,1099.8,1092.16,427.32,0.13
2017-01-02,1099.36,1094.07,1102.5,1094.07,361.03,0.31
2017-01-03,1105.56,1099.31,1106.4,1098.76,346.18,0.56
2017-01-04,1111.04,1106.62,1113.45,1106.62,470.08,0.5
2017-01-05,1113.04,1111.13,1113.67,1111.13,820.63,0.18
2017-01-08,1113.8,1113.91,1119.32,1113.8,769.18,0.07
2017-01-09,1104.36,1113.74,1113.74,1104.21,531.28,-0.85
2017-01-10,1121.04,1106.55,1122.16,1106.14,462.54,1.51
2017-01-11,1135.46,1121.84,1135.75,1120.84,363.76,1.29
2017-01-12,1154.37,1136.97,1154.66,1136.97,514.8,1.67
2017-01-15,1155.37,1156.9,1164.08,1155.37,602.82,0.09
2017-01-16,1158.71,1156.51,1158.77,1148.05,461.21,0.29
2017-01-17,1169.56,1160.11,1170.03,1160.11,528.24,0.94
2017-01-18,1162.42,1170.18,1177.17,1162.42,631.18,-0.61
2017-01-19,1127.67,1160.05,1160.05,1125.27,459.75,-2.99
2017-01-22,1131.85,1127.24,1131.85,1122.05,283.36,0.37
2017-01-23,1156.64,1132.92,1158.48,1132.92,319.12,2.19
2017-01-24,1157.64,1157.6,1159.04,1151.31,253.35,0.09
2017-01-26,1180.63,1159.98,1180.63,1159.98,352.6,1.99
2017-01-29,1184.32,1180.67,1189.1,1180.67,388.54,0.31
2017-01-30,1169.26,1184.27,1184.59,1169.26,394.53,-1.27
2017-01-31,1157.9,1168.52,1168.52,1150.1,305.11,-0.97
2017-02-01,1176.03,1158.56,1177.53,1158.56,246.34,1.57
2017-02-02,1202.88,1178.38,1202.88,1178.38,221.97,2.28
2017-02-05,1225.26,1208.59,1227.17,1208.59,221.28,1.86
2017-02-06,1244.51,1235.63,1247.67,1235.09,261.28,1.57
2017-02-07,1259.54,1249.34,1259.54,1249.13,287.07,1.21
2017-02-08,1262.23,1260.88,1276.12,1260.88,289.12,0.21
2017-02-09,1258.97,1261.81,1265.7,1257.84,210.75,-0.26
2017-02-12,1248.01,1258.49,1261.58,1248.0,170.14,-0.87
2017-02-13,1231.35,1247.35,1247.39,1230.23,222.78,-1.33
2017-02-14,1216.38,1231.11,1235.37,1216.38,202.71,-1.22
2017-02-15,1209.57,1214.44,1214.44,1205.39,204.83,-0.56
2017-02-16,1220.19,1209.52,1220.9,1206.8,200.92,0.88
2017-02-19,1188.78,1219.55,1223.21,1188.78,203.32,-2.57
2017-02-20,1179.96,1187.87,1188.15,1178.87,241.11,-0.74
2017-02-21,1191.25,1180.33,1191.97,1180.33,442.43,0.96
2017-02-22,1193.02,1197.32,1197.61,1193.01,297.3,0.15
2017-02-23,1163.29,1193.45,1196.97,1163.29,354.78,-2.49
2017-02-26,1162.01,1163.86,1171.31,1162.0,170.69,-0.11
2017-02-27,1146.5,1162.28,1162.28,1146.5,202.86,-1.33
2017-02-28,1140.77,1143.25,1143.25,1136.38,250.23,-0.5
2017-03-01,1138.0,1140.74,1147.2,1138.0,151.94,-0.24
2017-03-02,1151.87,1138.75,1151.87,1138.75,250.93,1.22
2017-03-05,1185.38,1152.44,1185.75,1152.44,186.78,2.91
2017-03-06,1187.2,1185.96,1188.41,1182.1,214.4,0.15
2017-03-07,1195.33,1188.88,1200.3,1188.88,348.63,0.68
2017-03-08,1224.52,1197.15,1224.52,1196.72,227.75,2.44
2017-03-09,1234.96,1228.28,1236.87,1228.25,222.46,0.85
2017-03-12,1239.74,1235.32,1241.63,1234.19,157.73,0.39
2017-03-13,1243.07,1241.19,1248.3,1241.19,189.51,0.27
2017-03-14,1237.38,1244.01,1244.54,1237.38,193.87,-0.46
2017-03-15,1241.01,1238.96,1242.28,1238.87,241.11,0.29
2017-03-16,1260.12,1242.85,1260.66,1242.85,306.83,1.54
2017-03-19,1267.32,1262.31,1270.72,1262.31,313.48,0.57
2017-03-20,1253.52,1267.56,1267.8,1253.52,387.76,-1.09
2017-03-21,1282.17,1253.63,1282.19,1253.63,194.49,2.29
2017-03-22,1293.84,1284.9,1295.9,1284.05,180.39,0.91
2017-03-23,1309.99,1295.41,1313.86,1295.4,322.4,1.25
2017-03-26,1307.74,1309.0,1315.88,1306.74,291.96,-0.17
2017-03-27,1299.95,1309.17,1310.17,1299.95,231.12,-0.6
2017-03-28,1306.43,1299.43,1306.59,1298.33,205.22,0.5
2017-03-29,1320.01,1307.67,1320.87,1307.67,180.83,1.04
2017-03-30,1327.74,1320.19,1328.07,1319.71,188.37,0.59
2017-04-02,1332.27,1328.54,1332.39,1328.54,143.39,0.34
2017-04-03,1334.18,1333.37,1338.62,1333.37,189.44,0.14
2017-04-04,1348.01,1335.96,1348.9,1335.96,325.21,1.04
2017-04-05,1349.73,1347.85,1357.79,1347.85,275.63,0.13
2017-04-06,1352.86,1349.45,1355.33,1347.92,165.55,0.23
2017-04-09,1349.29,1354.65,1358.3,1349.29,221.84,-0.26
2017-04-10,1357.84,1349.3,1357.91,1346.96,174.54,0.63
2017-04-11,1372.51,1359.54,1373.72,1359.54,166.7,1.08
2017-04-12,1361.69,1374.98,1375.53,1361.69,153.71,-0.79
2017-04-13,1360.98,1358.86,1361.72,1355.37,109.73,-0.05
2017-04-18,1371.68,1361.88,1377.95,1361.88,177.32,0.79
2017-04-19,1362.38,1371.51,1371.53,1362.03,133.45,-0.68
2017-04-20,1366.57,1362.47,1370.82,1360.77,146.35,0.31
2017-04-23,1349.63,1366.77,1370.3,1349.25,216.21,-1.24
2017-04-24,1347.01,1349.15,1351.03,1347.0,131.47,-0.19
2017-04-26,1353.53,1348.24,1359.64,1348.24,140.74,0.48
2017-04-27,1351.78,1353.91,1363.84,1351.76,181.11,-0.13
2017-04-30,1340.29,1350.65,1350.88,1335.61,196.36,-0.85
2017-05-02,1346.52,1340.45,1349.21,1340.45,140.09,0.46
2017-05-03,1345.68,1346.14,1346.53,1342.83,161.49,-0.06
2017-05-04,1360.08,1345.73,1360.69,1345.73,168.48,1.07
2017-05-07,1369.4,1360.99,1369.64,1360.99,379.15,0.69
2017-05-08,1374.67,1370.31,1377.1,1370.31,283.3,0.38
2017-05-09,1372.97,1374.79,1378.97,1372.97,353.49,-0.12
2017-05-10,1369.01,1373.04,1378.87,1369.01,345.52,-0.29
2017-05-11,1360.22,1370.04,1371.34,1360.22,202.48,-0.64
2017-05-14,1360.26,1360.41,1363.13,1360.02,108.22,0.0
2017-05-15,1367.82,1360.31,1369.49,1360.31,297.11,0.56
2017-05-16,1376.47,1367.7,1378.43,1367.15,554.47,0.63
2017-05-17,1385.03,1376.68,1385.41,1376.68,371.51,0.62
2017-05-18,1380.54,1384.96,1388.3,1380.54,209.84,-0.32
2017-05-21,1381.58,1380.43,1381.97,1379.65,185.65,0.08
2017-05-22,1356.6,1378.38,1378.38,1356.6,479.44,-1.81
2017-05-23,1363.14,1356.55,1363.14,1356.36,438.24,0.48
2017-05-24,1372.47,1363.42,1374.88,1363.42,363.1,0.68
2017-05-25,1385.37,1373.91,1386.36,1373.91,330.19,0.94
2017-05-28,1368.54,1385.35,1387.21,1368.5,258.6,-1.21
2017-05-29,1367.77,1368.79,1374.5,1367.77,310.64,-0.06
2017-05-30,1369.86,1369.49,1371.16,1368.99,375.93,0.15
2017-05-31,1364.04,1367.41,1367.96,1362.1,350.88,-0.42
2017-06-01,1369.13,1364.35,1370.72,1364.24,215.77,0.37
2017-06-04,1396.92,1369.22,1397.06,1369.22,152.86,2.03
2017-06-05,1402.16,1397.08,1402.32,1395.95,197.68,0.38
2017-06-06,1408.2,1402.25,1410.23,1402.25,317.53,0.43
2017-06-07,1429.17,1409.64,1432.79,1409.24,302.78,1.49
2017-06-08,1435.73,1429.25,1440.93,1425.52,261.95,0.46
2017-06-11,1435.14,1435.71,1440.2,1435.07,386.11,-0.04
2017-06-12,1439.56,1435.28,1440.33,1435.28,415.63,0.31
2017-06-13,1441.73,1439.54,1450.43,1439.34,349.34,0.15
2017-06-14,1451.15,1441.86,1451.64,1441.86,242.53,0.65
2017-06-15,1459.68,1451.16,1462.91,1451.16,491.61,0.59
2017-06-18,1467.12,1459.79,1470.87,1459.68,275.9,0.51
2017-06-19,1472.67,1466.91,1472.75,1465.44,229.74,0.38
2017-06-20,1472.86,1472.32,1482.87,1472.32,143.4,0.01
2017-06-21,1489.94,1473.28,1490.2,1473.28,127.0,1.16
2017-06-22,1497.83,1489.92,1500.5,1489.92,187.91,0.53
2017-06-28,1509.24,1498.58,1511.56,1495.04,170.56,0.76
2017-07-02,1519.38,1508.98,1521.22,1508.3,137.63,0.67
2017-07-03,1515.19,1520.79,1523.02,1507.27,224.72,-0.28
2017-07-04,1526.79,1515.01,1537.14,1514.91,235.6,0.77
2017-07-05,1536.23,1526.79,1542.06,1526.03,270.51,0.62
2017-07-06,1546.45,1536.24,1547.26,1536.24,207.95,0.67
2017-07-09,1554.75,1546.45,1560.46,1545.03,189.82,0.54
2017-07-10,1566.45,1554.28,1571.98,1554.28,339.89,0.75
2017-07-11,1574.83,1567.66,1576.24,1565.66,512.74,0.53
2017-07-12,1574.28,1575.26,1575.67,1568.94,456.03,-0.03
2017-07-13,1570.96,1574.49,1578.03,1570.52,360.26,-0.21
2017-07-16,1570.8,1571.15,1575.0,1569.59,254.93,-0.01
2017-07-17,1569.44,1571.57,1578.56,1567.27,326.39,-0.09
2017-07-18,1544.62,1569.51,1572.09,1544.62,408.34,-1.58
2017-07-19,1543.15,1544.62,1550.62,1543.04,259.0,-0.1
2017-07-20,1554.77,1543.23,1557.21,1543.23,403.65,0.75
2017-07-24,1594.41,1565.9,1594.48,1564.42,186.88,2.55
2017-07-25,1601.73,1595.49,1602.52,1595.49,313.46,0.46
2017-07-26,1599.71,1602.32,1614.4,1599.69,350.06,-0.13
2017-07-27,1595.44,1611.14,1611.71,1594.88,289.13,-0.27
2017-07-30,1591.04,1606.85,1609.13,1591.04,269.87,-0.28
2017-07-31,1588.34,1591.07,1603.07,1588.34,232.92,-0.17
2017-08-01,1592.93,1589.15,1600.08,1589.15,205.08,0.29
2017-08-02,1603.95,1592.99,1607.9,1592.94,237.02,0.69
2017-08-03,1606.6,1606.94,1613.7,1605.78,223.99,0.17
2017-08-06,1612.33,1607.23,1623.35,1606.21,227.04,0.36
2017-08-07,1612.36,1612.31,1620.75,1612.18,257.0,0.0
2017-08-08,1616.22,1612.66,1620.61,1612.63,289.04,0.24
2017-08-09,1619.09,1616.9,1622.93,1615.65,301.57,0.18
2017-08-10,1612.26,1624.25,1630.17,1611.77,235.63,-0.42
2017-08-13,1600.67,1612.43,1617.81,1600.67,222.44,-0.72
2017-08-14,1578.8,1602.38,1605.72,1578.77,196.57,-1.37
2017-08-15,1552.88,1579.4,1583.19,1552.83,270.52,-1.64
2017-08-16,1571.23,1562.75,1573.03,1562.18,147.09,1.18
2017-08-17,1573.33,1574.9,1583.32,1572.62,147.51,0.13
2017-08-20,1547.57,1573.36,1589.1,1547.57,123.96,-1.64
2017-08-21,1544.68,1547.62,1550.82,1543.45,198.13,-0.19
2017-08-22,1550.62,1544.63,1553.66,1544.61,136.56,0.38
2017-08-23,1551.81,1550.43,1559.95,1549.75,174.07,0.08
2017-08-24,1555.13,1551.83,1565.66,1551.83,137.67,0.21
2017-08-27,1567.67,1561.93,1571.22,1561.84,97.97,0.81
2017-08-28,1563.38,1574.84,1576.63,1563.33,259.63,-0.27
2017-08-29,1558.67,1566.33,1566.44,1557.92,187.91,-0.3
2017-08-30,1564.95,1560.56,1570.48,1560.56,318.38,0.4
2017-09-05,1564.0,1564.85,1566.85,1562.62,202.68,-0.06
2017-09-06,1557.49,1564.2,1568.96,1557.49,346.44,-0.42
2017-09-07,1564.69,1557.54,1566.76,1556.79,489.94,0.46
2017-09-10,1577.83,1564.69,1577.95,1564.69,518.47,0.84
2017-09-11,1603.39,1575.35,1603.51,1575.35,448.33,1.62
2017-09-12,1618.63,1602.56,1620.45,1600.82,568.7,0.95
2017-09-13,1638.42,1618.79,1642.42,1618.79,348.64,1.22
2017-09-14,1652.01,1637.73,1660.48,1637.73,422.17,0.83
2017-09-17,1655.14,1653.56,1662.08,1653.56,496.49,0.19
2017-09-18,1651.78,1658.91,1659.83,1650.78,453.25,-0.2
2017-09-19,1670.59,1652.69,1673.82,1652.64,352.64,1.14
2017-09-20,1691.81,1674.38,1693.15,1674.38,341.66,1.27
2017-09-24,1703.9,1698.41,1707.14,1698.41,233.78,0.71
2017-09-25,1703.74,1705.41,1711.92,1703.22,386.5,-0.01
2017-09-26,1707.85,1704.41,1723.47,1704.41,605.24,0.24
2017-09-27,1698.23,1708.16,1708.36,1694.43,580.8,-0.56
2017-09-28,1723.81,1697.61,1724.01,1697.61,750.95,1.51
2017-10-01,1741.71,1727.29,1741.77,1725.86,327.2,1.04
2017-10-02,1762.49,1742.8,1776.33,1742.8,377.33,1.19
2017-10-03,1768.42,1762.35,1769.98,1759.08,331.73,0.34
2017-10-04,1788.63,1774.63,1789.21,1774.63,307.41,1.14
2017-10-08,1807.17,1796.02,1809.82,1792.73,386.13,1.04
2017-10-09,1788.91,1809.34,1816.6,1788.91,430.28,-1.01
2017-10-10,1785.4,1789.31,1791.72,1775.63,375.77,-0.2
2017-10-11,1792.8,1786.96,1799.49,1786.68,621.39,0.41
2017-10-12,1809.36,1793.24,1810.3,1790.44,327.36,0.92
2017-10-15,1818.31,1809.2,1826.78,1809.2,307.27,0.49
2017-10-16,1784.76,1817.05,1827.3,1784.76,530.88,-1.85
2017-10-17,1778.96,1782.97,1786.91,1776.51,368.84,-0.32
2017-10-18,1763.41,1783.48,1799.84,1763.41,505.38,-0.87
2017-10-19,1744.45,1764.16,1767.48,1743.75,457.86,-1.08
2017-10-22,1751.0,1741.61,1755.11,1735.61,276.4,0.38
2017-10-23,1751.04,1755.12,1758.48,1751.04,445.36,0.0
2017-10-24,1737.15,1751.83,1751.83,1737.15,468.88,-0.79
2017-10-25,1735.6,1737.11,1737.67,1727.9,343.66,-0.09
2017-10-26,1739.66,1740.42,1751.18,1739.06,437.88,0.23
2017-10-29,1746.36,1742.91,1750.89,1742.91,281.04,0.39
2017-10-30,1755.41,1748.65,1755.73,1745.53,470.1,0.52
2017-10-31,1768.24,1756.47,1768.54,1756.47,533.55,0.73
2017-11-01,1764.67,1770.8,1774.69,1764.66,418.21,-0.2
2017-11-02,1776.59,1767.48,1782.45,1767.48,442.26,0.68
2017-11-05,1764.6,1775.05,1775.05,1758.62,297.04,-0.67
2017-11-06,1752.12,1764.0,1771.12,1752.12,425.82,-0.71
2017-11-07,1744.57,1758.21,1758.21,1741.09,321.17,-0.43
2017-11-08,1756.24,1746.91,1756.45,1746.18,422.31,0.67
2017-11-09,1773.55,1756.83,1779.23,1756.83,398.23,0.99
2017-11-12,1759.21,1774.56,1782.33,1759.21,229.74,-0.81
2017-11-13,1743.7,1759.47,1759.47,1743.68,244.27,-0.88
2017-11-14,1746.46,1748.09,1751.79,1746.44,277.18,0.16
2017-11-15,1745.64,1746.6,1757.56,1745.64,267.69,-0.05
2017-11-16,1731.95,1745.44,1745.45,1731.93,197.45,-0.78
2017-11-19,1715.46,1731.95,1736.83,1715.46,208.44,-0.95
2017-11-20,1705.52,1715.48,1716.38,1705.37,228.38,-0.58
2017-11-21,1707.87,1706.34,1715.99,1706.34,222.88,0.14
2017-11-22,1738.79,1717.4,1738.79,1717.4,225.49,1.81
2017-11-23,1786.11,1742.47,1788.8,1742.47,297.6,2.72
2017-11-26,1806.55,1785.17,1811.28,1785.01,219.42,1.14
2017-11-27,1818.39,1808.31,1818.42,1806.34,288.38,0.66
2017-11-28,1859.43,1819.6,1862.27,1819.6,369.04,2.26
2017-11-29,1852.16,1860.2,1866.26,1852.15,304.92,-0.39
2017-12-03,1861.24,1855.06,1863.39,1855.06,298.32,0.49
2017-12-04,1841.9,1862.13,1862.95,1841.82,240.3,-1.04
2017-12-05,1830.09,1838.48,1838.65,1828.81,214.66,-0.64
2017-12-06,1816.67,1830.42,1831.67,1816.67,227.53,-0.73
2017-12-07,1810.81,1816.83,1816.83,1807.26,174.2,-0.32
2017-12-10,1833.59,1811.64,1835.02,1811.64,190.94,1.26
2017-12-11,1848.13,1835.54,1848.3,1835.51,164.24,0.79
2017-12-12,1864.61,1849.46,1866.82,1849.46,225.93,0.89
2017-12-13,1872.32,1864.78,1876.56,1864.78,160.93,0.41
2017-12-14,1902.53,1872.5,1911.09,1872.5,248.17,1.61
2017-12-17,1923.96,1902.59,1929.29,1902.59,229.85,1.13
2017-12-18,1955.63,1924.77,1956.36,1924.77,166.55,1.65
2017-12-19,1962.16,1960.97,1978.52,1960.97,183.2,0.33
2017-12-20,1947.19,1958.18,1961.33,1947.19,168.55,-0.76
2017-12-21,1943.65,1947.18,1951.81,1942.05,134.46,-0.18
2017-12-24,1936.32,1943.62,1943.63,1932.22,113.05,-0.38
2017-12-25,1955.78,1936.43,1962.21,1936.43,137.19,1.01
2017-12-26,1961.62,1956.2,1968.25,1955.67,116.48,0.3
2017-12-27,1961.26,1963.23,1965.54,1961.24,137.57,-0.02
2017-12-28,1960.27,1962.89,1964.44,1958.41,147.25,-0.05
2017-12-31,1971.76,1960.65,1972.06,1958.9,106.57,0.59
2018-01-02,1982.32,1971.72,1994.06,1971.72,186.46,0.54
2018-01-03,1974.55,1982.39,1984.04,1974.55,189.15,-0.39
2018-01-04,1970.28,1974.47,1980.49,1970.26,174.27,-0.22
2018-01-08,1977.08,1970.14,1982.55,1970.14,223.11,0.35
2018-01-09,1982.0,1977.82,1989.55,1977.82,384.14,0.25
2018-01-10,1991.86,1982.54,1996.46,1981.02,234.77,0.5
2018-01-11,2016.3,1992.6,2017.63,1992.6,246.46,1.23
2018-01-14,2008.65,2017.22,2022.9,2008.65,363.08,-0.38
2018-01-15,1994.58,2009.06,2009.37,1994.57,261.03,-0.7
2018-01-16,2005.22,1994.6,2008.31,1993.46,194.22,0.53
2018-01-17,2019.34,2005.08,2020.36,2005.08,333.21,0.7
2018-01-18,2037.02,2020.19,2040.58,2020.19,386.34,0.88
2018-01-21,2023.87,2037.53,2042.56,2023.87,306.94,-0.65
2018-01-22,2012.96,2024.9,2030.94,2012.96,383.71,-0.54
2018-01-23,2013.76,2013.05,2018.49,2013.0,180.99,0.04
2018-01-24,2016.75,2013.72,2019.23,2010.65,170.1,0.15
2018-01-28,2030.59,2018.91,2033.29,2018.91,244.02,0.69
2018-01-29,2042.6,2031.34,2046.08,2030.86,241.33,0.59
2018-01-30,2066.5,2044.71,2068.76,2044.71,226.16,1.17
2018-01-31,2041.95,2065.04,2067.25,2041.9,235.53,-1.19
2018-02-01,2057.31,2043.85,2058.12,2043.47,164.56,0.75
2018-02-04,2040.78,2055.31,2055.52,2033.51,156.34,-0.8
2018-02-05,2051.08,2042.22,2056.63,2042.21,231.24,0.5
2018-02-06,2010.22,2013.11,2013.11,1990.73,260.97,-1.99
2018-02-07,2038.34,2019.16,2046.04,2019.16,207.22,1.4
2018-02-08,2025.92,2038.17,2040.39,2025.92,193.75,-0.61
2018-02-11,2013.97,2025.87,2028.93,2010.26,178.08,-0.59
2018-02-12,2026.75,2014.05,2034.5,2014.05,235.94,0.63
2018-02-13,2027.62,2027.28,2045.59,2026.72,230.25,0.04
2018-02-14,2025.01,2027.93,2030.48,2024.17,243.53,-0.13
2018-02-15,2032.61,2025.25,2038.18,2025.25,280.13,0.38
2018-02-18,2034.27,2036.88,2049.38,2034.27,317.4,0.08
2018-02-19,2034.8,2034.35,2041.79,2034.35,251.28,0.03
2018-02-20,2047.06,2035.17,2048.07,2035.17,261.3,0.6
2018-02-21,2047.09,2047.09,2059.79,2046.92,284.34,0.0
2018-02-22,2047.29,2048.09,2053.93,2043.55,311.6,0.01
2018-02-25,2079.0,2047.95,2089.12,2047.95,329.29,1.55
2018-02-26,2084.57,2080.67,2088.34,2076.56,239.94,0.27
2018-02-27,2104.14,2086.11,2105.88,2086.11,231.85,0.94
2018-02-28,2107.3,2133.54,2148.53,2107.13,227.84,0.15
2018-03-01,2106.09,2108.3,2113.68,2105.96,183.86,-0.06
2018-03-04,2108.16,2106.72,2110.51,2102.86,154.07,0.1
2018-03-05,2131.84,2109.15,2134.13,2109.15,198.03,1.12
2018-03-06,2163.73,2136.6,2163.8,2136.6,306.24,1.5
2018-03-07,2211.0,2164.7,2215.31,2164.7,320.03,2.18
2018-03-08,2243.43,2212.37,2244.24,2211.67,252.84,1.47
2018-03-11,2217.46,2243.45,2249.23,2217.34,319.22,-1.16
2018-03-12,2242.18,2217.31,2245.51,2217.31,496.31,1.11
2018-03-13,2281.49,2243.43,2288.9,2243.43,393.4,1.75
2018-03-14,2267.75,2291.28,2305.17,2267.75,258.91,-0.6
2018-03-15,2271.89,2267.47,2274.65,2253.59,409.53,0.18
2018-03-18,2273.06,2272.6,2284.28,2272.6,575.6,0.05
2018-03-19,2266.57,2276.03,2280.49,2266.52,319.69,-0.29
2018-03-20,2264.88,2267.41,2272.76,2264.88,351.69,-0.07
2018-03-21,2261.31,2267.94,2279.5,2260.94,396.28,-0.16
2018-03-22,2251.61,2262.35,2264.53,2251.0,536.88,-0.43
2018-03-25,2229.16,2250.39,2250.39,2229.15,442.44,-1.0
2018-03-26,2228.23,2232.12,2244.74,2228.23,428.74,-0.04
2018-03-27,2237.65,2234.76,2244.04,2234.76,691.6,0.42
2018-03-28,2220.8,2238.97,2242.21,2220.8,711.95,-0.75
2018-03-29,2238.27,2221.77,2239.35,2217.75,891.78,0.79
2018-04-01,2257.0,2240.83,2259.76,2240.83,646.36,0.84
2018-04-02,2251.72,2258.9,2267.21,2251.72,724.76,-0.23
2018-04-03,2257.01,2252.93,2261.62,2243.75,676.28,0.23
2018-04-04,2251.72,2258.62,2280.15,2251.72,765.78,-0.23
2018-04-05,2238.57,2253.12,2257.0,2234.33,386.23,-0.58
2018-04-10,2259.86,2240.39,2260.27,2240.39,261.64,0.95
2018-04-11,2273.67,2265.32,2285.81,2265.32,533.59,0.61
2018-04-12,2262.76,2273.68,2273.68,2249.28,333.58,-0.48
2018-04-15,2255.08,2263.01,2265.37,2255.08,211.52,-0.34
2018-04-16,2261.41,2254.93,2266.44,2254.93,257.1,0.28
2018-04-17,2264.77,2260.41,2270.28,2260.41,281.64,0.15
2018-04-18,2255.74,2265.33,2268.66,2255.45,284.07,-0.4
2018-04-19,2273.1,2259.27,2276.35,2257.23,256.76,0.77
2018-04-22,2273.97,2272.63,2287.5,2272.63,486.5,0.04
2018-04-23,2273.15,2273.37,2279.67,2273.03,361.86,-0.04
2018-04-24,2266.53,2273.36,2277.85,2266.53,326.75,-0.29
2018-04-26,2291.52,2286.16,2293.07,2284.24,294.43,1.1
2018-04-29,2294.99,2292.89,2297.1,2291.08,316.06,0.15
2018-04-30,2306.76,2295.25,2310.61,2295.25,319.37,0.51
2018-05-02,2320.37,2309.69,2327.4,2309.69,202.3,0.59
2018-05-03,2293.04,2322.45,2322.75,2293.03,215.49,-1.18
2018-05-06,2281.14,2293.57,2302.63,2281.14,222.74,-0.52
2018-05-07,2260.85,2280.89,2282.02,2260.83,149.9,-0.89
2018-05-08,2270.15,2261.04,2280.55,2261.04,243.85,0.41
2018-05-09,2225.04,2270.92,2275.01,2225.04,265.29,-1.99
2018-05-10,2195.71,2224.73,2224.96,2192.19,307.8,-1.32
2018-05-13,2199.28,2195.74,2213.87,2195.74,213.88,0.16
2018-05-14,2186.24,2199.5,2209.1,2186.0,255.63,-0.59
2018-05-15,2189.36,2198.86,2208.55,2189.36,248.73,0.14
2018-05-16,2178.52,2189.71,2190.71,2172.29,221.9,-0.5
2018-05-17,2181.45,2179.07,2190.6,2178.9,110.05,0.13
2018-05-20,2183.25,2181.48,2186.06,2177.02,153.58,0.08
2018-05-21,2196.23,2187.52,2200.3,2187.52,138.46,0.59
2018-05-22,2188.86,2196.96,2203.07,2188.86,157.12,-0.34
2018-05-23,2189.18,2189.42,2195.21,2188.93,134.38,0.01
2018-05-24,2179.27,2188.96,2193.06,2179.13,105.66,-0.45
2018-05-27,2177.8,2179.26,2184.56,2176.68,92.52,-0.07
2018-05-28,2178.22,2171.46,2179.44,2171.46,134.86,0.02
2018-05-29,2183.77,2177.23,2190.0,2177.21,129.09,0.25
2018-05-30,2159.33,2183.69,2185.09,2159.33,167.57,-1.12
2018-05-31,2138.24,2159.28,2159.47,2126.03,333.36,-0.98
2018-06-03,2154.78,2138.22,2159.05,2138.22,126.89,0.77
2018-06-04,2120.09,2154.8,2157.74,2120.09,151.34,-1.61
2018-06-05,2085.01,2120.04,2120.83,2073.14,154.77,-1.65
2018-06-06,2053.18,2085.09,2096.23,2053.17,176.76,-1.53
2018-06-07,2037.94,2053.21,2053.21,2035.74,162.67,-0.74
2018-06-10,2057.25,2038.12,2057.44,2038.07,88.87,0.95
2018-06-11,2037.77,2057.09,2057.13,2037.75,97.54,-0.95
2018-06-12,2036.09,2037.69,2041.04,2033.93,83.81,-0.08
2018-06-13,2048.64,2036.22,2051.29,2034.25,117.8,0.62
2018-06-14,2043.53,2047.3,2053.57,2038.7,172.12,-0.25
2018-06-19,2042.67,2044.67,2050.32,2039.58,179.03,-0.04
2018-06-20,2037.51,2042.52,2043.43,2032.36,203.55,-0.25
2018-06-21,2062.8,2037.7,2062.8,2037.33,167.99,1.24
2018-06-24,2064.85,2062.81,2070.04,2062.81,177.82,0.1
2018-06-25,2066.45,2065.09,2083.51,2064.9,208.46,0.08
2018-06-26,2030.1,2065.87,2065.99,2029.85,155.15,-1.76
2018-06-27,2034.52,2030.06,2034.97,2028.73,195.1,0.22
2018-06-28,2062.11,2035.04,2062.22,2025.59,196.24,1.36
2018-07-02,2061.24,2069.41,2070.62,2058.22,181.8,-0.04
2018-07-03,2064.48,2061.29,2068.33,2061.29,369.87,0.16
2018-07-04,2047.77,2065.49,2069.78,2047.77,248.53,-0.81
2018-07-05,2034.54,2047.76,2048.84,2033.59,191.77,-0.65
2018-07-08,1993.9,2034.73,2038.93,1993.85,261.21,-2.0
2018-07-09,1977.41,1993.58,1993.58,1951.1,217.13,-0.83
2018-07-10,1993.33,1978.19,1993.56,1976.03,214.27,0.81
2018-07-11,1997.39,1993.54,2002.36,1993.54,195.06,0.2
2018-07-12,1990.09,1997.46,2001.79,1990.08,131.99,-0.37
2018-07-15,1980.65,1990.91,1995.02,1980.64,115.33,-0.47
2018-07-16,1956.91,1980.61,1982.15,1956.84,114.92,-1.2
2018-07-17,1932.11,1956.8,1958.47,1932.11,116.87,-1.27
2018-07-18,1937.44,1932.6,1942.64,1932.5,112.46,0.28
2018-07-19,1927.29,1937.7,1939.8,1927.28,111.36,-0.52
2018-07-22,1917.67,1927.13,1928.15,1917.47,102.93,-0.5
2018-07-24,1929.84,1917.83,1936.53,1917.83,176.18,0.63
2018-07-25,1897.63,1929.9,1931.26,1897.6,230.05,-1.67
2018-07-26,1896.13,1897.4,1898.5,1885.66,167.07,-0.08
2018-07-29,1920.06,1896.17,1920.82,1896.17,185.27,1.26
2018-07-30,1915.98,1920.09,1922.57,1915.24,133.13,-0.21
2018-07-31,1930.12,1916.06,1930.21,1915.42,157.58,0.74
2018-08-01,1937.86,1930.4,1938.5,1930.4,157.92,0.4
2018-08-02,1942.46,1937.87,1944.6,1937.87,161.8,0.24
2018-08-05,1943.04,1942.46,1947.13,1941.43,121.37,0.03
2018-08-06,1934.98,1943.08,1943.22,1934.92,153.65,-0.41
2018-08-07,1947.91,1935.18,1947.92,1935.18,157.97,0.67
2018-08-08,1953.38,1948.27,1956.9,1948.27,240.94,0.28
2018-08-09,1953.73,1953.85,1959.29,1953.71,260.31,0.02
2018-08-12,1939.7,1953.71,1953.71,1939.67,160.16,-0.72
2018-08-13,1924.81,1941.02,1941.19,1924.81,220.88,-0.77
2018-08-14,1911.08,1924.76,1926.94,1911.08,130.43,-0.71
2018-08-15,1904.86,1911.18,1912.62,1904.86,169.68,-0.33
2018-08-16,1899.55,1904.79,1906.55,1899.16,166.47,-0.28
2018-08-19,1896.03,1899.3,1899.44,1894.12,118.12,-0.19
2018-08-26,1899.01,1896.09,1902.9,1896.09,194.72,0.16
2018-08-27,1896.25,1898.95,1899.45,1889.89,264.54,-0.15
2018-08-28,1916.44,1896.37,1917.16,1896.37,306.16,1.06
2018-08-29,1926.95,1916.36,1927.22,1916.35,266.96,0.55
2018-08-30,1936.41,1927.09,1937.71,1927.09,183.42,0.49
2018-09-02,1940.61,1936.31,1940.65,1932.66,182.79,0.22
2018-09-03,1942.12,1940.48,1942.12,1937.06,218.5,0.08
2018-09-04,1950.23,1942.44,1954.94,1942.44,208.67,0.42
2018-09-05,1930.21,1950.15,1950.26,1929.19,188.65,-1.03
2018-09-06,1937.88,1930.68,1938.13,1930.68,139.82,0.4
2018-09-09,1938.62,1937.92,1940.37,1934.06,193.41,0.04
2018-09-10,1944.47,1938.65,1944.76,1929.4,173.32,0.3
2018-09-12,1920.69,1944.44,1944.58,1920.51,207.23,-1.22
2018-09-13,1900.13,1920.52,1920.58,1899.89,172.65,-1.07
2018-09-16,1864.51,1899.95,1899.95,1864.36,244.72,-1.87
2018-09-17,1843.39,1864.45,1864.45,1840.7,164.53,-1.13
2018-09-18,1839.6,1843.64,1855.32,1839.6,202.92,-0.21
2018-09-19,1768.19,1838.88,1838.88,1768.18,262.23,-3.88
2018-09-20,1740.19,1767.77,1778.18,1739.26,293.17,-1.58
2018-09-23,1755.53,1740.15,1755.53,1740.15,134.84,0.88
2018-09-24,1751.37,1755.61,1759.44,1750.46,211.81,-0.24
2018-09-25,1761.5,1751.42,1762.66,1751.11,154.52,0.58
2018-09-26,1781.8,1761.67,1783.19,1761.67,176.21,1.15
2018-09-27,1784.85,1781.82,1786.65,1779.08,152.8,0.17
2018-09-30,1810.78,1785.24,1813.65,1783.19,144.83,1.45
2018-10-01,1777.76,1810.3,1810.61,1776.09,109.82,-1.82
2018-10-02,1779.42,1777.76,1781.3,1777.14,146.48,0.09
2018-10-03,1783.17,1779.83,1792.52,1779.83,181.84,0.21
2018-10-04,1768.96,1782.88,1782.88,1768.94,131.52,-0.8
2018-10-08,1735.8,1769.06,1769.2,1735.8,172.2,-1.87
2018-10-09,1733.93,1735.8,1741.14,1733.91,137.81,-0.11
2018-10-10,1741.51,1734.68,1742.0,1733.41,163.17,0.44
2018-10-11,1718.94,1736.31,1736.31,1710.02,214.18,-1.3
2018-10-14,1753.14,1718.9,1754.57,1718.9,132.62,1.99
2018-10-15,1750.66,1753.26,1753.26,1744.61,125.4,-0.14
2018-10-16,1761.79,1749.64,1761.98,1749.1,133.88,0.64
2018-10-17,1747.03,1761.91,1764.42,1742.09,173.56,-0.84
2018-10-18,1740.02,1746.46,1747.15,1739.99,131.31,-0.4
2018-10-21,1741.27,1739.73,1742.2,1736.18,98.59,0.07
2018-10-22,1745.13,1741.93,1747.93,1741.91,170.09,0.22
2018-10-23,1742.04,1746.23,1749.77,1739.88,158.19,-0.18
2018-10-24,1720.11,1742.64,1742.64,1720.04,136.32,-1.26
2018-10-25,1677.7,1718.75,1718.88,1675.99,157.83,-2.47
2018-10-28,1678.24,1677.92,1681.17,1677.68,115.75,0.03
2018-10-29,1697.02,1678.63,1697.02,1678.62,143.21,1.12
2018-10-30,1708.38,1697.04,1708.54,1697.04,195.52,0.67
2018-10-31,1739.08,1709.23,1743.1,1708.08,222.85,1.8
2018-11-01,1722.31,1739.12,1741.25,1722.31,201.44,-0.96
2018-11-04,1710.85,1722.77,1727.62,1710.79,170.32,-0.67
2018-11-05,1711.13,1710.34,1714.37,1710.34,287.2,0.02
2018-11-06,1755.25,1709.2,1755.25,1709.2,283.71,2.58
2018-11-07,1737.16,1755.36,1764.98,1737.16,261.7,-1.03
2018-11-08,1760.33,1737.3,1761.92,1737.3,279.73,1.33
2018-11-11,1756.2,1760.35,1761.36,1756.2,201.55,-0.23
2018-11-12,1756.25,1756.2,1757.81,1755.0,272.12,0.0
2018-11-13,1742.1,1756.28,1757.92,1742.1,243.48,-0.81
2018-11-14,1735.88,1742.92,1742.98,1735.7,181.66,-0.36
2018-11-15,1737.98,1736.03,1739.59,1736.02,216.87,0.12
2018-11-18,1752.58,1738.42,1752.86,1738.42,222.6,0.84
2018-11-19,1733.13,1752.75,1755.34,1731.98,278.73,-1.11
2018-11-21,1727.48,1732.64,1732.64,1726.86,225.07,-0.33
2018-11-22,1723.91,1728.22,1734.12,1723.91,294.34,-0.21
2018-11-25,1701.85,1722.56,1722.57,1701.8,200.7,-1.28
2018-11-26,1697.44,1701.81,1701.91,1696.25,144.26,-0.26
2018-11-27,1704.34,1697.47,1704.35,1697.47,166.74,0.41
2018-11-28,1708.58,1705.89,1716.2,1705.89,190.15,0.25
2018-11-29,1706.79,1708.27,1712.44,1706.78,234.58,-0.1
2018-12-02,1691.7,1707.8,1707.88,1691.7,116.67,-0.88
2018-12-03,1681.66,1691.75,1693.1,1681.66,176.16,-0.59
2018-12-04,1660.12,1681.58,1681.58,1660.05,147.23,-1.28
2018-12-05,1652.94,1659.36,1659.36,1651.05,144.56,-0.43
2018-12-06,1647.42,1653.47,1657.8,1647.42,114.96,-0.33
2018-12-09,1629.22,1647.36,1647.36,1628.52,102.44,-1.1
2018-12-10,1647.43,1629.77,1647.45,1629.76,106.47,1.12
2018-12-11,1666.56,1649.9,1666.72,1649.9,153.99,1.16
2018-12-12,1679.72,1667.18,1679.72,1667.18,217.15,0.79
2018-12-13,1690.74,1680.9,1692.04,1680.83,186.56,0.66
2018-12-16,1686.56,1690.74,1691.09,1686.54,138.77,-0.25
2018-12-17,1700.59,1686.32,1700.95,1686.26,207.58,0.83
2018-12-18,1695.11,1700.66,1701.01,1695.1,184.68,-0.32
2018-12-19,1692.85,1695.19,1696.14,1692.85,145.87,-0.13
2018-12-20,1698.79,1692.02,1698.92,1689.83,125.75,0.35
2018-12-23,1684.36,1698.43,1698.79,1684.36,93.59,-0.85
2018-12-24,1675.86,1684.39,1684.39,1673.62,88.85,-0.5
2018-12-25,1670.16,1675.48,1675.48,1667.92,91.35,-0.34
2018-12-26,1682.03,1670.41,1682.82,1670.38,86.0,0.71
2018-12-27,1684.18,1682.91,1689.95,1682.91,131.46,0.13
2018-12-30,1689.98,1684.16,1690.68,1683.98,104.26,0.34
2018-12-31,1727.21,1690.19,1727.21,1690.09,164.34,2.2
2019-01-02,1738.04,1727.2,1738.66,1727.2,91.99,0.63
2019-01-03,1730.75,1739.21,1741.17,1730.71,168.84,-0.42
2019-01-06,1721.9,1730.75,1736.65,1719.44,127.12,-0.51
2019-01-08,1724.06,1721.9,1728.02,1721.9,225.28,0.13
2019-01-09,1723.96,1724.06,1727.12,1723.96,205.95,-0.01
2019-01-10,1724.08,1723.96,1724.93,1722.53,887.19,0.01
2019-01-13,1729.33,1724.08,1731.84,1724.08,180.83,0.3
2019-01-14,1720.93,1729.33,1730.42,1720.93,144.45,-0.49
2019-01-15,1702.64,1720.93,1727.36,1702.33,133.72,-1.06
2019-01-16,1701.14,1702.64,1705.92,1700.91,219.09,-0.09
2019-01-17,1697.43,1701.14,1702.04,1697.24,166.96,-0.22
2019-01-20,1701.49,1697.43,1702.72,1697.42,103.13,0.24
2019-01-21,1701.76,1701.49,1702.78,1699.77,107.82,0.02
2019-01-22,1697.43,1701.76,1705.0,1697.43,122.44,-0.25
2019-01-23,1695.1,1697.43,1697.87,1690.96,118.78,-0.14
2019-01-27,1724.44,1695.1,1724.9,1695.04,147.92,1.73
2019-01-28,1727.2,1724.44,1729.67,1724.44,256.6,0.16
2019-01-29,1724.82,1727.2,1728.61,1721.53,212.49,-0.14
2019-01-30,1728.99,1724.82,1733.41,1724.82,216.82,0.24
2019-01-31,1722.86,1728.99,1731.74,1722.56,378.34,-0.35
2019-02-03,1732.54,1722.86,1735.42,1722.86,339.87,0.56
2019-02-04,1732.08,1732.54,1735.79,1732.07,935.78,-0.03
2019-02-05,1745.66,1732.08,1745.67,1732.08,,0.78
2019-02-06,1745.33,1745.66,1750.67,1744.23,257.69,-0.02
2019-02-07,1751.44,1745.33,1754.14,1744.16,214.7,0.35
2019-02-10,1756.58,1751.44,1757.82,1751.44,142.47,0.29
2019-02-11,1759.99,1756.58,1760.61,1756.45,156.3,0.19
2019-02-12,1794.5,1759.99,1794.88,1759.99,202.75,1.96
2019-02-13,1800.14,1794.5,1805.52,1794.5,257.36,0.31
2019-02-14,1798.76,1800.14,1803.6,1798.38,202.46,-0.08
2019-02-17,1820.26,1798.76,1820.93,1798.76,391.76,1.2
2019-02-18,1821.43,1820.26,1824.89,1820.26,317.22,0.06
2019-02-19,1822.37,1821.43,1822.82,1817.42,251.41,0.05
2019-02-20,1818.59,1822.37,1834.39,1818.59,381.7,-0.21
2019-02-21,1811.62,1818.59,1819.08,1810.95,228.96,-0.38
2019-02-24,1803.46,1811.62,1811.62,1803.46,177.43,-0.45
2019-02-25,1805.96,1803.46,1805.96,1801.6,299.75,0.14
2019-02-26,1806.48,1805.96,1812.25,1805.96,412.88,0.03
2019-02-27,1801.53,1806.48,1806.98,1801.53,227.88,-0.27
2019-02-28,1812.01,1801.53,1818.55,1801.53,509.32,0.58
2019-03-03,1804.88,1812.01,1814.85,1804.88,215.94,-0.39
2019-03-04,1787.53,1804.88,1805.63,1787.52,216.66,-0.96
2019-03-05,1785.31,1787.53,1792.45,1785.29,155.63,-0.12
2019-03-06,1783.32,1785.31,1786.91,1780.49,187.67,-0.11
2019-03-07,1789.05,1783.32,1792.28,1783.32,217.69,0.32
2019-03-10,1789.69,1789.05,1792.54,1789.05,145.18,0.04
2019-03-11,1790.07,1789.69,1793.57,1789.42,223.0,0.02
2019-03-12,1790.01,1790.07,1792.62,1790.01,221.88,0.0
2019-03-13,1780.0,1790.01,1794.52,1780.0,198.13,-0.56
2019-03-14,1771.07,1780.0,1782.8,1771.06,180.58,-0.5
2019-03-17,1771.23,1771.07,1773.51,1768.85,98.85,0.01
2019-03-18,1764.01,1771.23,1773.52,1764.01,176.56,-0.41
2019-03-19,1736.03,1764.01,1764.01,1736.03,193.44,-1.59
2019-03-20,1736.33,1736.03,1739.32,1734.4,130.99,0.02
2019-03-21,1740.72,1736.33,1741.75,1736.28,107.24,0.25
2019-03-24,1743.02,1740.72,1745.48,1740.72,,0.13
2019-03-25,1734.82,1743.02,1745.66,1734.82,140.1,-0.47
2019-03-26,1728.22,1734.82,1735.46,1727.26,212.08,-0.38
2019-03-27,1731.92,1728.22,1735.48,1728.22,170.56,0.21
2019-03-28,1739.21,1731.92,1739.21,1731.92,136.87,0.42
2019-03-31,1738.16,1739.21,1742.26,1738.16,,-0.06
2019-04-01,1739.79,1738.16,1741.28,1738.16,120.49,0.09
2019-04-02,1747.38,1739.79,1747.55,1739.78,154.42,0.44
2019-04-03,1727.03,1747.38,1749.92,1727.01,131.1,-1.16
2019-04-04,1730.54,1727.03,1732.19,1725.94,146.42,0.2
2019-04-07,1722.6,1730.54,1731.16,1722.6,142.12,-0.46
2019-04-08,1717.64,1722.6,1723.55,1717.64,194.15,-0.29
2019-04-09,1705.21,1717.64,1717.7,1705.21,167.38,-0.72
2019-04-10,1706.52,1705.21,1707.67,1704.19,95.07,0.08
2019-04-11,1707.68,1706.52,1710.38,1706.48,113.13,0.07
2019-04-14,1716.1,1707.68,1716.45,1707.68,74.75,0.49
2019-04-15,1708.96,1716.1,1716.1,1708.46,70.86,-0.42
2019-04-16,1696.97,1708.96,1709.2,1696.97,133.59,-0.7
2019-04-17,1691.6,1696.97,1696.97,1690.15,80.62,-0.32
2019-04-18,1682.29,1691.6,1691.93,1682.05,104.0,-0.55
2019-04-21,1672.36,1682.29,1682.29,1672.36,41.02,-0.59
2019-04-22,1661.37,1672.36,1678.41,1661.11,68.48,-0.66
2019-04-23,1656.79,1661.37,1662.87,1656.79,73.82,-0.28
2019-04-24,1657.54,1656.79,1658.9,1656.79,66.98,0.05
2019-04-30,1657.31,1657.54,1660.6,1657.31,54.07,-0.01
2019-05-02,1658.0,1657.31,1660.27,1657.28,46.96,0.04
2019-05-05,1642.88,1658.0,1658.68,1642.87,111.74,-0.91
2019-05-06,1627.99,1642.88,1642.9,1627.99,60.41,-0.91
2019-05-07,1613.25,1627.99,1631.45,1613.25,66.95,-0.91
2019-05-08,1575.36,1613.25,1613.25,1575.23,120.34,-2.35
2019-05-09,1579.78,1575.36,1579.85,1571.72,111.55,0.28
2019-05-12,1584.05,1579.78,1584.93,1579.67,65.97,0.27
2019-05-13,1576.77,1584.05,1584.31,1574.31,118.66,-0.46
2019-05-14,1579.45,1576.77,1582.72,1576.69,79.58,0.17
2019-05-15,1563.83,1579.45,1579.91,1563.74,66.2,-0.99
2019-05-16,1546.43,1563.83,1564.45,1545.28,74.92,-1.11
2019-05-19,1527.14,1546.43,1546.98,1527.11,56.43,-1.25
2019-05-20,1518.91,1527.14,1527.22,1518.9,69.87,-0.54
2019-05-21,1529.34,1518.91,1529.37,1517.37,96.31,0.69
2019-05-22,1523.81,1529.34,1533.62,1523.8,67.15,-0.36
2019-05-23,1536.45,1523.81,1536.59,1523.74,64.51,0.83
2019-05-26,1544.18,1536.45,1544.18,1536.1,108.29,0.5
2019-05-27,1536.95,1544.18,1545.62,1535.96,89.67,-0.47
2019-05-28,1541.58,1536.95,1541.58,1536.74,148.76,0.3
2019-05-29,1537.3,1541.58,1545.27,1537.3,158.64,-0.28
2019-05-30,1521.84,1537.3,1537.87,1521.82,105.13,-1.01
2019-06-02,1519.74,1521.84,1521.9,1517.77,86.6,-0.14
2019-06-03,1521.41,1519.74,1521.41,1516.9,52.84,0.11
2019-06-09,1532.54,1521.41,1532.84,1521.41,86.6,0.73
2019-06-10,1544.53,1532.54,1545.95,1532.54,165.54,0.78
2019-06-11,1546.91,1544.53,1550.6,1544.48,148.21,0.15
2019-06-12,1547.75,1546.91,1548.59,1545.73,127.51,0.05
2019-06-13,1546.83,1547.75,1551.82,1546.83,97.76,-0.06
2019-06-16,1549.83,1546.83,1550.39,1546.83,74.04,0.19
2019-06-17,1549.15,1549.83,1552.29,1548.2,89.41,-0.04
2019-06-18,1544.13,1549.15,1549.15,1544.13,73.86,-0.32
2019-06-19,1541.76,1544.13,1546.19,1541.76,78.67,-0.15
2019-06-20,1536.89,1541.76,1542.04,1536.83,123.75,-0.32
2019-06-23,1535.7,1536.89,1538.97,1535.19,53.88,-0.08
2019-06-24,1528.13,1535.7,1536.79,1528.13,69.53,-0.49
2019-06-25,1523.12,1528.13,1528.13,1523.05,93.22,-0.33
2019-06-26,1534.43,1523.12,1534.43,1523.12,266.15,0.74
2019-06-27,1540.64,1534.43,1541.93,1534.43,277.24,0.4
2019-07-02,1541.43,1540.64,1543.07,1540.27,214.02,0.05
2019-07-03,1539.0,1541.43,1543.36,1538.98,221.86,-0.16
2019-07-04,1524.14,1539.0,1539.0,1524.14,204.33,-0.97
2019-07-07,1464.86,1524.14,1525.23,1464.8,459.4,-3.89
2019-07-08,1435.58,1464.86,1469.22,1435.55,225.21,-2.0
2019-07-09,1408.8,1435.58,1440.27,1405.17,221.51,-1.87
2019-07-10,1411.94,1408.8,1423.31,1408.79,126.58,0.22
2019-07-11,1403.32,1411.94,1413.23,1403.29,131.31,-0.61
2019-07-14,1390.62,1403.32,1404.88,1390.62,129.22,-0.9
2019-07-15,1389.99,1390.62,1391.71,1387.2,159.9,-0.05
2019-07-16,1376.42,1389.99,1394.41,1376.42,129.97,-0.98
2019-07-17,1371.54,1376.42,1376.91,1370.69,119.63,-0.35
2019-07-18,1376.08,1371.54,1376.26,1371.54,113.55,0.33
2019-07-21,1372.31,1376.08,1376.14,1372.31,99.27,-0.27
2019-07-22,1374.7,1372.31,1375.64,1369.11,95.55,0.17
2019-07-24,1376.92,1374.7,1381.16,1374.7,135.18,0.16
2019-07-25,1375.77,1376.92,1382.1,1375.54,116.02,-0.08
2019-07-28,1362.54,1375.77,1378.23,1362.54,68.2,-0.96
2019-07-29,1356.7,1362.54,1363.6,1356.6,91.7,-0.43
2019-07-30,1352.72,1356.7,1360.27,1352.72,153.1,-0.29
2019-07-31,1347.02,1352.72,1352.72,1344.23,144.0,-0.42
2019-08-01,1359.91,1347.02,1359.91,1346.26,148.68,0.96
2019-08-04,1364.94,1359.91,1367.33,1359.76,145.95,0.37
2019-08-05,1361.74,1364.94,1365.87,1361.47,155.63,-0.23
2019-08-06,1360.55,1361.74,1362.79,1357.72,117.78,-0.09
2019-08-07,1377.16,1360.55,1377.18,1360.55,227.59,1.22
2019-08-08,1404.23,1377.16,1404.81,1377.14,222.31,1.97
2019-08-14,1431.74,1404.23,1431.75,1404.23,199.32,1.96
2019-08-15,1420.89,1431.74,1432.04,1419.18,170.53,-0.76
2019-08-18,1427.89,1420.89,1430.28,1420.89,178.87,0.49
2019-08-19,1430.01,1427.89,1432.83,1424.68,309.74,0.15
2019-08-20,1443.44,1430.01,1444.12,1430.01,262.22,0.94
2019-08-21,1444.63,1443.44,1454.8,1443.44,277.54,0.08
2019-08-22,1443.25,1444.63,1446.99,1442.6,179.54,-0.1
2019-08-25,1435.02,1443.25,1455.1,1435.02,334.85,-0.57
2019-08-26,1427.15,1435.02,1435.61,1421.52,207.77,-0.55
2019-08-27,1427.08,1427.15,1433.0,1427.02,268.8,0.0
2019-08-28,1447.45,1427.08,1448.58,1426.25,172.47,1.43
2019-08-29,1455.08,1447.45,1458.55,1447.45,201.48,0.53
2019-09-01,1461.62,1455.08,1462.3,1455.08,117.87,0.45
2019-09-02,1477.93,1461.62,1479.06,1456.79,178.11,1.12
2019-09-03,1469.08,1477.93,1482.74,1469.08,151.34,-0.6
2019-09-04,1466.87,1469.08,1473.89,1466.85,155.21,-0.15
2019-09-05,1469.49,1466.87,1472.33,1465.3,155.82,0.18
2019-09-08,1477.42,1469.49,1480.68,1469.49,116.56,0.54
2019-09-09,1473.45,1477.42,1481.16,1473.04,137.99,-0.27
2019-09-10,1481.8,1473.45,1486.39,1473.45,116.13,0.57
2019-09-11,1481.07,1481.8,1486.66,1480.95,129.55,-0.05
2019-09-12,1480.62,1481.07,1483.16,1479.63,150.87,-0.03
2019-09-15,1474.16,1480.62,1484.83,1474.16,109.19,-0.44
2019-09-16,1467.24,1474.16,1474.16,1459.74,170.03,-0.47
2019-09-17,1443.67,1467.24,1469.94,1443.62,252.37,-1.61
2019-09-18,1440.43,1443.67,1446.51,1438.62,133.2,-0.22
2019-09-19,1439.86,1440.43,1444.07,1438.57,191.34,-0.04
2019-09-22,1358.04,1439.86,1439.86,1357.5,,-5.68
2019-09-23,1334.65,1358.04,1358.04,1334.65,244.57,-1.72
2019-09-24,1293.67,1334.65,1334.65,1293.45,266.0,-3.07
2019-09-25,1327.3,1293.67,1327.69,1293.67,185.46,2.6
2019-09-26,1339.59,1327.3,1344.19,1327.3,231.19,0.93
2019-09-29,1389.72,1339.59,1390.21,1339.59,486.19,3.74
2019-09-30,1393.07,1389.72,1394.98,1388.23,200.49,0.24
2019-10-01,1414.61,1393.07,1416.21,1393.07,167.96,1.55
2019-10-02,1388.14,1414.61,1417.19,1388.14,189.88,-1.87
2019-10-03,1396.19,1388.14,1396.29,1369.06,248.44,0.58
2019-10-07,1416.31,1396.19,1417.55,1396.19,201.35,1.44
2019-10-08,1406.24,1416.31,1421.92,1406.24,215.85,-0.71
2019-10-09,1397.69,1406.24,1406.24,1395.84,131.55,-0.61
2019-10-10,1408.54,1397.69,1411.3,1397.69,146.15,0.78
2019-10-13,1412.05,1408.54,1414.32,1408.54,91.61,0.25
2019-10-14,1405.95,1412.05,1416.08,1405.91,159.28,-0.43
2019-10-15,1390.54,1405.95,1406.21,1390.4,118.8,-1.1
2019-10-16,1407.49,1390.54,1407.49,1390.54,190.34,1.22
2019-10-17,1414.96,1407.49,1415.04,1407.49,235.23,0.53
2019-10-20,1418.44,1414.96,1422.05,1414.96,92.76,0.25
2019-10-21,1417.02,1418.44,1422.34,1417.0,128.04,-0.1
2019-10-22,1413.96,1417.02,1418.55,1413.94,173.21,-0.22
2019-10-23,1400.15,1413.96,1413.96,1398.09,146.95,-0.98
2019-10-24,1406.5,1400.15,1407.92,1399.0,146.95,0.45
2019-10-27,1407.41,1406.5,1411.79,1406.5,179.69,0.06
2019-10-28,1414.1,1407.41,1415.56,1406.59,194.26,0.48
2019-10-29,1427.51,1414.1,1428.07,1414.1,226.26,0.95
2019-10-30,1430.99,1427.51,1434.64,1427.51,161.38,0.24
2019-10-31,1436.86,1430.99,1438.4,1430.99,240.91,0.41
2019-11-03,1445.28,1436.86,1449.53,1436.86,150.86,0.59
2019-11-04,1445.11,1445.28,1449.42,1445.09,158.8,-0.01
2019-11-05,1452.44,1445.11,1454.51,1445.11,135.44,0.51
2019-11-06,1452.61,1452.44,1459.2,1452.24,125.57,0.01
2019-11-07,1459.57,1452.61,1461.12,1452.61,117.61,0.48
2019-11-11,1462.21,1459.57,1467.39,1459.57,187.84,0.18
2019-11-12,1453.93,1462.21,1462.59,1453.93,174.0,-0.57
2019-11-13,1451.05,1453.93,1454.68,1450.49,104.4,-0.2
2019-11-14,1447.79,1451.05,1452.88,1440.57,136.79,-0.22
2019-11-17,1438.68,1447.79,1448.75,1438.68,99.07,-0.63
2019-11-18,1424.99,1438.68,1438.72,1424.99,102.93,-0.95
2019-11-19,1421.38,1424.99,1427.83,1421.38,117.98,-0.25
2019-11-20,1427.33,1421.38,1428.15,1421.19,180.64,0.42
2019-11-21,1427.5,1427.33,1432.48,1424.63,115.46,0.01
2019-11-24,1417.56,1427.5,1427.5,1417.56,47.15,-0.7
2019-11-25,1410.58,1417.56,1420.29,1409.71,91.12,-0.49
2019-11-26,1398.27,1410.58,1410.63,1398.27,104.5,-0.87
2019-11-27,1392.96,1398.27,1399.57,1392.88,52.05,-0.38
2019-11-28,1402.0,1392.96,1403.36,1392.95,73.47,0.65
2019-12-01,1400.44,1402.0,1408.62,1400.44,75.87,-0.11
2019-12-02,1376.29,1400.44,1401.62,1376.29,138.36,-1.72
2019-12-03,1367.13,1376.29,1377.17,1361.43,127.87,-0.67
2019-12-04,1386.71,1367.13,1386.71,1367.13,100.13,1.43
2019-12-05,1382.15,1386.71,1391.0,1381.22,91.26,-0.33
2019-12-08,1372.09,1382.15,1382.15,1372.07,,-0.73
2019-12-09,1369.05,1372.09,1373.24,1368.1,53.01,-0.22
2019-12-10,1376.2,1369.05,1376.2,1368.74,81.37,0.52
2019-12-11,1363.39,1376.2,1377.41,1363.39,104.07,-0.93
2019-12-12,1360.44,1363.39,1363.64,1358.69,74.53,-0.22
2019-12-15,1359.95,1360.44,1366.12,1359.36,37.78,-0.04
2019-12-16,1364.76,1359.95,1364.76,1359.85,70.74,0.35
2019-12-17,1381.81,1364.76,1381.84,1364.76,150.19,1.25
2019-12-18,1392.92,1381.81,1394.53,1381.81,510.43,0.8
2019-12-19,1393.01,1392.92,1394.88,1392.44,103.92,0.01
2019-12-22,1395.01,1393.01,1397.85,1392.21,,0.14
2019-12-23,1390.74,1395.01,1395.26,1390.74,77.87,-0.31
2019-12-24,1384.06,1390.74,1391.01,1383.33,60.94,-0.48
2019-12-25,1386.17,1384.06,1388.52,1384.04,56.33,0.15
2019-12-26,1391.88,1386.17,1393.34,1386.11,67.52,0.41
2019-12-29,1389.33,1391.88,1392.78,1389.33,80.79,-0.18
2019-12-30,1390.95,1389.33,1392.24,1388.15,102.54,0.12
2019-12-31,1398.1,1390.95,1405.12,1390.57,109.56,0.51
2020-01-02,1399.07,1398.1,1403.11,1398.07,61.43,0.07
2020-01-05,1332.01,1399.07,1399.07,1332.01,,-4.79
2020-01-06,1313.09,1332.01,1332.01,1303.63,147.34,-1.42
2020-01-08,1335.93,1313.09,1335.93,1303.61,163.96,1.74
2020-01-09,1363.21,1335.93,1363.37,1335.93,129.71,2.04
2020-01-12,1371.48,1363.21,1373.27,1363.07,109.59,0.61
2020-01-13,1369.27,1371.48,1374.18,1367.65,192.43,-0.16
2020-01-14,1377.61,1369.27,1379.66,1369.27,172.61,0.61
2020-01-15,1383.11,1377.61,1384.82,1376.97,89.1,0.4
2020-01-16,1390.77,1383.11,1391.87,1382.46,96.94,0.55
2020-01-19,1387.86,1390.77,1398.82,1387.73,92.5,-0.21
2020-01-20,1377.31,1387.86,1388.2,1377.31,87.65,-0.76
2020-01-21,1368.55,1377.31,1377.31,1365.77,125.97,-0.64
2020-01-22,1379.71,1368.55,1381.68,1368.5,81.4,0.82
2020-01-23,1383.04,1379.71,1386.23,1379.71,123.29,0.24
2020-01-26,1381.74,1383.04,1385.14,1381.42,81.77,-0.09
2020-01-27,1372.83,1381.74,1383.76,1372.83,85.21,-0.64
2020-01-28,1363.81,1372.83,1372.83,1357.11,112.97,-0.66
2020-01-29,1384.63,1363.81,1384.63,1363.81,134.77,1.53
2020-01-30,1395.11,1384.63,1397.53,1384.63,222.95,0.76
2020-02-02,1385.85,1395.11,1396.6,1385.81,211.01,-0.66
2020-02-03,1383.57,1385.85,1385.85,1383.45,87.2,-0.16
2020-02-04,1379.85,1383.57,1388.63,1379.83,129.8,-0.27
2020-02-05,1390.9,1379.85,1393.15,1379.85,134.36,0.8
2020-02-06,1400.9,1390.9,1402.15,1390.9,165.72,0.72
2020-02-09,1405.2,1400.9,1409.37,1400.9,107.71,0.31
2020-02-10,1393.69,1405.2,1405.2,1393.69,107.66,-0.82
2020-02-11,1391.36,1393.69,1399.53,1391.36,100.27,-0.17
2020-02-12,1380.41,1391.36,1393.04,1378.67,95.66,-0.79
2020-02-13,1384.09,1380.41,1386.3,1380.41,123.36,0.27
2020-02-16,1371.79,1384.09,1384.61,1371.79,98.08,-0.89
2020-02-17,1374.48,1371.79,1375.73,1371.32,94.54,0.2
2020-02-18,1358.65,1374.48,1375.5,1358.65,151.18,-1.15
2020-02-19,1358.69,1358.65,1362.38,1357.99,146.22,0.0
2020-02-20,1364.67,1358.69,1366.19,1358.69,171.91,0.44
2020-02-23,1361.9,1364.67,1367.41,1361.79,105.77,-0.2
2020-02-24,1329.07,1361.9,1361.9,1328.93,177.02,-2.41
2020-02-25,1328.38,1329.07,1329.07,1324.38,177.02,-0.05
2020-02-26,1325.97,1328.38,1331.43,1323.08,172.82,-0.18
2020-02-27,1311.08,1325.97,1331.12,1309.72,249.63,-1.12
2020-03-01,1239.71,1311.08,1311.08,1237.66,167.11,-5.44
2020-03-02,1240.5,1239.71,1257.82,1239.49,229.89,0.06
2020-03-03,1252.01,1240.5,1254.18,1240.5,186.44,0.93
2020-03-04,1243.81,1252.01,1253.2,1242.42,149.25,-0.65
2020-03-05,1266.78,1243.81,1266.78,1243.81,207.97,1.85
2020-03-08,1237.91,1266.78,1266.78,1232.32,132.26,-2.28
2020-03-09,1167.19,1237.91,1237.91,1167.18,250.6,-5.71
2020-03-10,1166.76,1167.19,1171.5,1157.19,266.52,-0.04
2020-03-11,1172.81,1166.76,1182.26,1166.6,197.67,0.52
2020-03-15,1089.69,1172.81,1172.81,1089.69,191.91,-7.09
2020-03-16,1023.72,1089.69,1089.69,1023.4,231.5,-6.05
2020-03-17,976.68,1023.72,1023.72,976.66,193.97,-4.6
2020-03-18,927.86,976.68,977.98,927.86,163.52,-5.0
2020-03-19,930.12,927.86,930.12,886.62,471.01,0.24
2020-03-22,969.8,930.12,971.34,930.12,,4.27
2020-03-23,1011.73,969.8,1022.67,969.8,307.67,4.32
2020-03-24,1002.01,1011.73,1015.69,1001.98,,-0.96
2020-03-25,1021.87,1002.01,1021.88,1002.01,189.56,1.98
2020-03-26,1036.16,1021.87,1039.13,1021.87,,1.4
2020-03-29,1038.18,1036.16,1039.22,1029.34,,0.19
2020-03-30,1022.93,1038.18,1040.64,1022.92,178.4,-1.47
2020-03-31,1030.92,1022.93,1033.12,1022.93,221.64,0.78
2020-04-01,1017.97,1030.92,1031.35,1017.95,174.81,-1.26
2020-04-02,1024.34,1017.97,1026.66,1017.58,179.59,0.63
2020-04-05,1012.67,1024.34,1024.54,1010.86,140.78,-1.14
2020-04-06,1024.64,1012.67,1024.64,1012.67,182.58,1.18
2020-04-07,1054.4,1024.64,1054.4,1024.64,389.6,2.9
2020-04-08,1066.57,1054.4,1068.88,1054.4,355.68,1.15
2020-04-09,1062.6,1066.57,1074.07,1062.6,254.89,-0.37
2020-04-12,1063.3,1062.6,1065.0,1059.48,178.74,0.07
2020-04-13,1073.96,1063.3,1077.31,1063.3,250.68,1.0
2020-04-14,1087.5,1073.96,1088.95,1073.14,292.74,1.26
2020-04-15,1089.19,1087.5,1099.46,1087.5,259.68,0.16
2020-04-16,1084.03,1089.19,1089.19,1082.23,,-0.47
2020-04-21,1072.55,1084.03,1084.03,1071.23,302.93,-1.06
2020-04-22,1073.02,1072.55,1073.02,1067.16,366.53,0.04
2020-04-23,1095.11,1073.02,1095.32,1073.02,388.7,2.06
2020-04-26,1120.21,1095.11,1121.25,1095.11,400.68,2.29
2020-04-27,1118.31,1120.21,1125.68,1116.8,395.62,-0.17
2020-04-28,1124.87,1118.31,1126.25,1113.83,364.3,0.59
2020-04-29,1127.54,1124.87,1133.18,1124.87,364.3,0.24
2020-04-30,1134.08,1127.54,1134.08,1127.54,305.05,0.58
2020-05-03,1101.29,1134.08,1134.08,1101.29,374.9,-2.89
2020-05-04,1088.93,1101.29,1101.29,1086.47,305.05,-1.12
2020-05-05,1107.07,1088.93,1107.18,1088.93,234.02,1.67
2020-05-06,1118.31,1107.07,1119.8,1107.07,225.18,1.02
2020-05-07,1084.95,1118.31,1119.61,1084.95,320.26,-2.98
